county_name,2017_naics_code_naics2017,year_year,number_of_establishments_estab,annual_payroll_1000_payann,firstquarter_payroll_1000_payqtr1,number_of_employees_emp
Santa Clara County California,0,2022,48879,197736555,46790812,1133633
Santa Clara County California,0,2022,26787,N,N,N
Santa Clara County California,0,2022,8551,N,N,N
Santa Clara County California,0,2022,6103,N,N,N
Santa Clara County California,0,2022,4343,N,N,N
Santa Clara County California,0,2022,1585,N,N,N
Santa Clara County California,0,2022,936,N,N,N
Santa Clara County California,0,2022,316,N,N,N
Santa Clara County California,0,2022,151,N,N,N
Santa Clara County California,0,2022,107,N,N,N
Santa Clara County California,0,2022,34,N,N,N
Santa Clara County California,0,2022,37,N,N,N
Santa Clara County California,0,2022,24,N,N,N
Santa Clara County California,0,2022,12,N,N,N
Santa Clara County California,11,2022,28,14854,3585,309
Santa Clara County California,11,2022,15,N,N,N
Santa Clara County California,11,2022,7,N,N,N
Santa Clara County California,11,2022,3,N,N,N
Santa Clara County California,21,2022,9,15446,3536,131
Santa Clara County California,21,2022,4,N,N,N
Santa Clara County California,22,2022,31,423162,106607,2807
Santa Clara County California,22,2022,15,N,N,N
Santa Clara County California,22,2022,4,N,N,N
Santa Clara County California,22,2022,5,N,N,N
Santa Clara County California,23,2022,3895,5137309,1206266,51336
Santa Clara County California,23,2022,2348,N,N,N
Santa Clara County California,23,2022,665,N,N,N
Santa Clara County California,23,2022,424,N,N,N
Santa Clara County California,23,2022,288,N,N,N
Santa Clara County California,23,2022,101,N,N,N
Santa Clara County California,23,2022,45,N,N,N
Santa Clara County California,23,2022,11,N,N,N
Santa Clara County California,31-33,2022,2026,13646935,3791212,95402
Santa Clara County California,31-33,2022,806,N,N,N
Santa Clara County California,31-33,2022,336,N,N,N
Santa Clara County California,31-33,2022,334,N,N,N
Santa Clara County California,31-33,2022,274,N,N,N
Santa Clara County California,31-33,2022,134,N,N,N
Santa Clara County California,31-33,2022,82,N,N,N
Santa Clara County California,31-33,2022,30,N,N,N
Santa Clara County California,31-33,2022,13,N,N,N
Santa Clara County California,31-33,2022,17,N,N,N
Santa Clara County California,31-33,2022,6,N,N,N
Santa Clara County California,31-33,2022,5,N,N,N
Santa Clara County California,42,2022,2143,16967899,4467573,77955
Santa Clara County California,42,2022,1143,N,N,N
Santa Clara County California,42,2022,367,N,N,N
Santa Clara County California,42,2022,253,N,N,N
Santa Clara County California,42,2022,194,N,N,N
Santa Clara County California,42,2022,85,N,N,N
Santa Clara County California,42,2022,53,N,N,N
Santa Clara County California,42,2022,22,N,N,N
Santa Clara County California,42,2022,13,N,N,N
Santa Clara County California,42,2022,8,N,N,N
Santa Clara County California,44-45,2022,4290,4263387,1061005,78353
Santa Clara County California,44-45,2022,1817,N,N,N
Santa Clara County California,44-45,2022,959,N,N,N
Santa Clara County California,44-45,2022,643,N,N,N
Santa Clara County California,44-45,2022,516,N,N,N
Santa Clara County California,44-45,2022,225,N,N,N
Santa Clara County California,44-45,2022,99,N,N,N
Santa Clara County California,44-45,2022,27,N,N,N
Santa Clara County California,44-45,2022,3,N,N,N
Santa Clara County California,48-49,2022,831,1003114,232761,14670
Santa Clara County California,48-49,2022,515,N,N,N
Santa Clara County California,48-49,2022,89,N,N,N
Santa Clara County California,48-49,2022,83,N,N,N
Santa Clara County California,48-49,2022,77,N,N,N
Santa Clara County California,48-49,2022,35,N,N,N
Santa Clara County California,48-49,2022,22,N,N,N
Santa Clara County California,48-49,2022,6,N,N,N
Santa Clara County California,48-49,2022,4,N,N,N
Santa Clara County California,51,2022,1896,55653207,13342397,150589
Santa Clara County California,51,2022,922,N,N,N
Santa Clara County California,51,2022,230,N,N,N
Santa Clara County California,51,2022,234,N,N,N
Santa Clara County California,51,2022,147,N,N,N
Santa Clara County California,51,2022,110,N,N,N
Santa Clara County California,51,2022,114,N,N,N
Santa Clara County California,51,2022,73,N,N,N
Santa Clara County California,51,2022,40,N,N,N
Santa Clara County California,51,2022,26,N,N,N
Santa Clara County California,51,2022,13,N,N,N
Santa Clara County California,51,2022,8,N,N,N
Santa Clara County California,51,2022,3,N,N,N
Santa Clara County California,52,2022,2315,5277088,1799418,27167
Santa Clara County California,52,2022,1463,N,N,N
Santa Clara County California,52,2022,434,N,N,N
Santa Clara County California,52,2022,219,N,N,N
Santa Clara County California,52,2022,120,N,N,N
Santa Clara County California,52,2022,40,N,N,N
Santa Clara County California,52,2022,29,N,N,N
Santa Clara County California,52,2022,6,N,N,N
Santa Clara County California,52,2022,3,N,N,N
Santa Clara County California,53,2022,3160,1694142,412132,16118
Santa Clara County California,53,2022,2433,N,N,N
Santa Clara County California,53,2022,432,N,N,N
Santa Clara County California,53,2022,172,N,N,N
Santa Clara County California,53,2022,79,N,N,N
Santa Clara County California,53,2022,27,N,N,N
Santa Clara County California,53,2022,14,N,N,N
Santa Clara County California,54,2022,8721,34312477,8563837,175391
Santa Clara County California,54,2022,5878,N,N,N
Santa Clara County California,54,2022,1131,N,N,N
Santa Clara County California,54,2022,728,N,N,N
Santa Clara County California,54,2022,494,N,N,N
Santa Clara County California,54,2022,211,N,N,N
Santa Clara County California,54,2022,159,N,N,N
Santa Clara County California,54,2022,69,N,N,N
Santa Clara County California,54,2022,33,N,N,N
Santa Clara County California,54,2022,18,N,N,N
Santa Clara County California,54,2022,5,N,N,N
Santa Clara County California,54,2022,9,N,N,N
Santa Clara County California,55,2022,230,32409547,5535778,77935
Santa Clara County California,55,2022,80,N,N,N
Santa Clara County California,55,2022,28,N,N,N
Santa Clara County California,55,2022,34,N,N,N
Santa Clara County California,55,2022,15,N,N,N
Santa Clara County California,55,2022,23,N,N,N
Santa Clara County California,55,2022,7,N,N,N
Santa Clara County California,55,2022,8,N,N,N
Santa Clara County California,55,2022,3,N,N,N
Santa Clara County California,56,2022,2231,4264205,995833,60716
Santa Clara County California,56,2022,1210,N,N,N
Santa Clara County California,56,2022,345,N,N,N
Santa Clara County California,56,2022,238,N,N,N
Santa Clara County California,56,2022,198,N,N,N
Santa Clara County California,56,2022,117,N,N,N
Santa Clara County California,56,2022,81,N,N,N
Santa Clara County California,56,2022,31,N,N,N
Santa Clara County California,56,2022,7,N,N,N
Santa Clara County California,56,2022,4,N,N,N
Santa Clara County California,61,2022,1161,4887116,1209309,57086
Santa Clara County California,61,2022,523,N,N,N
Santa Clara County California,61,2022,209,N,N,N
Santa Clara County California,61,2022,187,N,N,N
Santa Clara County California,61,2022,146,N,N,N
Santa Clara County California,61,2022,61,N,N,N
Santa Clara County California,61,2022,26,N,N,N
Santa Clara County California,61,2022,3,N,N,N
Santa Clara County California,61,2022,4,N,N,N
Santa Clara County California,62,2022,6193,12523717,2856184,121772
Santa Clara County California,62,2022,3290,N,N,N
Santa Clara County California,62,2022,1410,N,N,N
Santa Clara County California,62,2022,799,N,N,N
Santa Clara County California,62,2022,421,N,N,N
Santa Clara County California,62,2022,135,N,N,N
Santa Clara County California,62,2022,106,N,N,N
Santa Clara County California,62,2022,15,N,N,N
Santa Clara County California,62,2022,4,N,N,N
Santa Clara County California,62,2022,13,N,N,N
Santa Clara County California,62,2022,3,N,N,N
Santa Clara County California,71,2022,701,1010060,232351,15833
Santa Clara County California,71,2022,331,N,N,N
Santa Clara County California,71,2022,111,N,N,N
Santa Clara County California,71,2022,109,N,N,N
Santa Clara County California,71,2022,88,N,N,N
Santa Clara County California,71,2022,34,N,N,N
Santa Clara County California,71,2022,18,N,N,N
Santa Clara County California,71,2022,6,N,N,N
Santa Clara County California,71,2022,3,N,N,N
Santa Clara County California,72,2022,5045,2705986,609142,81874
Santa Clara County California,72,2022,1372,N,N,N
Santa Clara County California,72,2022,1036,N,N,N
Santa Clara County California,72,2022,1290,N,N,N
Santa Clara County California,72,2022,1089,N,N,N
Santa Clara County California,72,2022,203,N,N,N
Santa Clara County California,72,2022,50,N,N,N
Santa Clara County California,72,2022,4,N,N,N
Santa Clara County California,81,2022,3825,1521884,361043,28103
Santa Clara County California,81,2022,2477,N,N,N
Santa Clara County California,81,2022,757,N,N,N
Santa Clara County California,81,2022,354,N,N,N
Santa Clara County California,81,2022,170,N,N,N
Santa Clara County California,81,2022,47,N,N,N
Santa Clara County California,81,2022,15,N,N,N
Santa Clara County California,99,2022,148,5020,843,86
Santa Clara County California,99,2022,145,N,N,N
Santa Clara County California,99,2022,3,N,N,N
Montgomery County Maryland,0,2022,27767,35404149,9135491,436843
Montgomery County Maryland,0,2022,16189,N,N,N
Montgomery County Maryland,0,2022,4483,N,N,N
Montgomery County Maryland,0,2022,3195,N,N,N
Montgomery County Maryland,0,2022,2332,N,N,N
Montgomery County Maryland,0,2022,843,N,N,N
Montgomery County Maryland,0,2022,530,N,N,N
Montgomery County Maryland,0,2022,123,N,N,N
Montgomery County Maryland,0,2022,49,N,N,N
Montgomery County Maryland,0,2022,23,N,N,N
Montgomery County Maryland,0,2022,7,N,N,N
Montgomery County Maryland,0,2022,10,N,N,N
Montgomery County Maryland,0,2022,5,N,N,N
Montgomery County Maryland,11,2022,19,2878,688,51
Montgomery County Maryland,11,2022,16,N,N,N
Montgomery County Maryland,21,2022,4,257,164,17
Montgomery County Maryland,21,2022,3,N,N,N
Montgomery County Maryland,22,2022,25,45318,14322,378
Montgomery County Maryland,22,2022,16,N,N,N
Montgomery County Maryland,22,2022,3,N,N,N
Montgomery County Maryland,23,2022,2334,2061883,460007,25041
Montgomery County Maryland,23,2022,1578,N,N,N
Montgomery County Maryland,23,2022,324,N,N,N
Montgomery County Maryland,23,2022,206,N,N,N
Montgomery County Maryland,23,2022,137,N,N,N
Montgomery County Maryland,23,2022,44,N,N,N
Montgomery County Maryland,23,2022,35,N,N,N
Montgomery County Maryland,23,2022,8,N,N,N
Montgomery County Maryland,31-33,2022,336,682603,172946,6535
Montgomery County Maryland,31-33,2022,160,N,N,N
Montgomery County Maryland,31-33,2022,63,N,N,N
Montgomery County Maryland,31-33,2022,57,N,N,N
Montgomery County Maryland,31-33,2022,34,N,N,N
Montgomery County Maryland,31-33,2022,15,N,N,N
Montgomery County Maryland,31-33,2022,3,N,N,N
Montgomery County Maryland,42,2022,675,1310633,348357,10420
Montgomery County Maryland,42,2022,408,N,N,N
Montgomery County Maryland,42,2022,117,N,N,N
Montgomery County Maryland,42,2022,74,N,N,N
Montgomery County Maryland,42,2022,45,N,N,N
Montgomery County Maryland,42,2022,13,N,N,N
Montgomery County Maryland,42,2022,12,N,N,N
Montgomery County Maryland,42,2022,4,N,N,N
Montgomery County Maryland,44-45,2022,2357,1853384,453396,44974
Montgomery County Maryland,44-45,2022,963,N,N,N
Montgomery County Maryland,44-45,2022,534,N,N,N
Montgomery County Maryland,44-45,2022,377,N,N,N
Montgomery County Maryland,44-45,2022,263,N,N,N
Montgomery County Maryland,44-45,2022,113,N,N,N
Montgomery County Maryland,44-45,2022,87,N,N,N
Montgomery County Maryland,44-45,2022,17,N,N,N
Montgomery County Maryland,44-45,2022,3,N,N,N
Montgomery County Maryland,48-49,2022,372,203585,45831,5115
Montgomery County Maryland,48-49,2022,272,N,N,N
Montgomery County Maryland,48-49,2022,41,N,N,N
Montgomery County Maryland,48-49,2022,22,N,N,N
Montgomery County Maryland,48-49,2022,15,N,N,N
Montgomery County Maryland,48-49,2022,11,N,N,N
Montgomery County Maryland,48-49,2022,8,N,N,N
Montgomery County Maryland,51,2022,623,1593546,432408,14176
Montgomery County Maryland,51,2022,371,N,N,N
Montgomery County Maryland,51,2022,75,N,N,N
Montgomery County Maryland,51,2022,63,N,N,N
Montgomery County Maryland,51,2022,48,N,N,N
Montgomery County Maryland,51,2022,26,N,N,N
Montgomery County Maryland,51,2022,30,N,N,N
Montgomery County Maryland,51,2022,6,N,N,N
Montgomery County Maryland,51,2022,4,N,N,N
Montgomery County Maryland,52,2022,1490,3461925,1237457,22609
Montgomery County Maryland,52,2022,866,N,N,N
Montgomery County Maryland,52,2022,306,N,N,N
Montgomery County Maryland,52,2022,157,N,N,N
Montgomery County Maryland,52,2022,83,N,N,N
Montgomery County Maryland,52,2022,45,N,N,N
Montgomery County Maryland,52,2022,26,N,N,N
Montgomery County Maryland,52,2022,4,N,N,N
Montgomery County Maryland,53,2022,1656,1259467,365004,10956
Montgomery County Maryland,53,2022,1238,N,N,N
Montgomery County Maryland,53,2022,210,N,N,N
Montgomery County Maryland,53,2022,117,N,N,N
Montgomery County Maryland,53,2022,65,N,N,N
Montgomery County Maryland,53,2022,16,N,N,N
Montgomery County Maryland,53,2022,7,N,N,N
Montgomery County Maryland,54,2022,5911,9981349,2521257,87840
Montgomery County Maryland,54,2022,4110,N,N,N
Montgomery County Maryland,54,2022,645,N,N,N
Montgomery County Maryland,54,2022,451,N,N,N
Montgomery County Maryland,54,2022,386,N,N,N
Montgomery County Maryland,54,2022,162,N,N,N
Montgomery County Maryland,54,2022,110,N,N,N
Montgomery County Maryland,54,2022,31,N,N,N
Montgomery County Maryland,54,2022,11,N,N,N
Montgomery County Maryland,54,2022,5,N,N,N
Montgomery County Maryland,54,2022,4,N,N,N
Montgomery County Maryland,55,2022,597,1953241,497709,13836
Montgomery County Maryland,55,2022,415,N,N,N
Montgomery County Maryland,55,2022,55,N,N,N
Montgomery County Maryland,55,2022,48,N,N,N
Montgomery County Maryland,55,2022,38,N,N,N
Montgomery County Maryland,55,2022,17,N,N,N
Montgomery County Maryland,55,2022,14,N,N,N
Montgomery County Maryland,55,2022,5,N,N,N
Montgomery County Maryland,55,2022,3,N,N,N
Montgomery County Maryland,56,2022,1832,2338001,576216,43010
Montgomery County Maryland,56,2022,1065,N,N,N
Montgomery County Maryland,56,2022,256,N,N,N
Montgomery County Maryland,56,2022,190,N,N,N
Montgomery County Maryland,56,2022,186,N,N,N
Montgomery County Maryland,56,2022,69,N,N,N
Montgomery County Maryland,56,2022,43,N,N,N
Montgomery County Maryland,56,2022,16,N,N,N
Montgomery County Maryland,56,2022,3,N,N,N
Montgomery County Maryland,56,2022,4,N,N,N
Montgomery County Maryland,61,2022,614,666577,168882,11222
Montgomery County Maryland,61,2022,311,N,N,N
Montgomery County Maryland,61,2022,97,N,N,N
Montgomery County Maryland,61,2022,81,N,N,N
Montgomery County Maryland,61,2022,71,N,N,N
Montgomery County Maryland,61,2022,32,N,N,N
Montgomery County Maryland,61,2022,17,N,N,N
Montgomery County Maryland,61,2022,4,N,N,N
Montgomery County Maryland,62,2022,3931,5006608,1151355,75803
Montgomery County Maryland,62,2022,1958,N,N,N
Montgomery County Maryland,62,2022,848,N,N,N
Montgomery County Maryland,62,2022,563,N,N,N
Montgomery County Maryland,62,2022,344,N,N,N
Montgomery County Maryland,62,2022,99,N,N,N
Montgomery County Maryland,62,2022,87,N,N,N
Montgomery County Maryland,62,2022,13,N,N,N
Montgomery County Maryland,62,2022,10,N,N,N
Montgomery County Maryland,62,2022,9,N,N,N
Montgomery County Maryland,62,2022,5,N,N,N
Montgomery County Maryland,71,2022,434,273744,55852,7953
Montgomery County Maryland,71,2022,244,N,N,N
Montgomery County Maryland,71,2022,63,N,N,N
Montgomery County Maryland,71,2022,39,N,N,N
Montgomery County Maryland,71,2022,38,N,N,N
Montgomery County Maryland,71,2022,30,N,N,N
Montgomery County Maryland,71,2022,16,N,N,N
Montgomery County Maryland,71,2022,4,N,N,N
Montgomery County Maryland,72,2022,1941,913233,202440,32257
Montgomery County Maryland,72,2022,615,N,N,N
Montgomery County Maryland,72,2022,350,N,N,N
Montgomery County Maryland,72,2022,431,N,N,N
Montgomery County Maryland,72,2022,415,N,N,N
Montgomery County Maryland,72,2022,110,N,N,N
Montgomery County Maryland,72,2022,18,N,N,N
Montgomery County Maryland,81,2022,2588,1793180,430685,24617
Montgomery County Maryland,81,2022,1554,N,N,N
Montgomery County Maryland,81,2022,492,N,N,N
Montgomery County Maryland,81,2022,314,N,N,N
Montgomery County Maryland,81,2022,163,N,N,N
Montgomery County Maryland,81,2022,40,N,N,N
Montgomery County Maryland,81,2022,17,N,N,N
Montgomery County Maryland,81,2022,5,N,N,N
Montgomery County Maryland,81,2022,3,N,N,N
Montgomery County Maryland,99,2022,28,2737,515,33
Montgomery County Maryland,99,2022,26,N,N,N
Wake County North Carolina,0,2022,33076,36972319,9135547,530994
Wake County North Carolina,0,2022,18360,N,N,N
Wake County North Carolina,0,2022,5341,N,N,N
Wake County North Carolina,0,2022,4101,N,N,N
Wake County North Carolina,0,2022,3323,N,N,N
Wake County North Carolina,0,2022,1157,N,N,N
Wake County North Carolina,0,2022,554,N,N,N
Wake County North Carolina,0,2022,167,N,N,N
Wake County North Carolina,0,2022,45,N,N,N
Wake County North Carolina,0,2022,28,N,N,N
Wake County North Carolina,0,2022,11,N,N,N
Wake County North Carolina,0,2022,13,N,N,N
Wake County North Carolina,0,2022,3,N,N,N
Wake County North Carolina,11,2022,25,8756,1861,194
Wake County North Carolina,11,2022,17,N,N,N
Wake County North Carolina,11,2022,5,N,N,N
Wake County North Carolina,21,2022,12,27290,9095,257
Wake County North Carolina,21,2022,3,N,N,N
Wake County North Carolina,21,2022,4,N,N,N
Wake County North Carolina,22,2022,85,331607,111801,2786
Wake County North Carolina,22,2022,40,N,N,N
Wake County North Carolina,22,2022,14,N,N,N
Wake County North Carolina,22,2022,8,N,N,N
Wake County North Carolina,22,2022,9,N,N,N
Wake County North Carolina,22,2022,7,N,N,N
Wake County North Carolina,22,2022,3,N,N,N
Wake County North Carolina,23,2022,3233,2496026,554894,35006
Wake County North Carolina,23,2022,2040,N,N,N
Wake County North Carolina,23,2022,456,N,N,N
Wake County North Carolina,23,2022,328,N,N,N
Wake County North Carolina,23,2022,264,N,N,N
Wake County North Carolina,23,2022,99,N,N,N
Wake County North Carolina,23,2022,37,N,N,N
Wake County North Carolina,23,2022,6,N,N,N
Wake County North Carolina,31-33,2022,605,1141821,267729,15871
Wake County North Carolina,31-33,2022,268,N,N,N
Wake County North Carolina,31-33,2022,100,N,N,N
Wake County North Carolina,31-33,2022,115,N,N,N
Wake County North Carolina,31-33,2022,68,N,N,N
Wake County North Carolina,31-33,2022,23,N,N,N
Wake County North Carolina,31-33,2022,18,N,N,N
Wake County North Carolina,31-33,2022,8,N,N,N
Wake County North Carolina,31-33,2022,4,N,N,N
Wake County North Carolina,42,2022,1431,3012477,729564,29591
Wake County North Carolina,42,2022,683,N,N,N
Wake County North Carolina,42,2022,236,N,N,N
Wake County North Carolina,42,2022,229,N,N,N
Wake County North Carolina,42,2022,174,N,N,N
Wake County North Carolina,42,2022,59,N,N,N
Wake County North Carolina,42,2022,31,N,N,N
Wake County North Carolina,42,2022,15,N,N,N
Wake County North Carolina,44-45,2022,3595,2322833,565840,65696
Wake County North Carolina,44-45,2022,1550,N,N,N
Wake County North Carolina,44-45,2022,781,N,N,N
Wake County North Carolina,44-45,2022,557,N,N,N
Wake County North Carolina,44-45,2022,389,N,N,N
Wake County North Carolina,44-45,2022,178,N,N,N
Wake County North Carolina,44-45,2022,117,N,N,N
Wake County North Carolina,44-45,2022,22,N,N,N
Wake County North Carolina,48-49,2022,745,576228,140874,12119
Wake County North Carolina,48-49,2022,490,N,N,N
Wake County North Carolina,48-49,2022,81,N,N,N
Wake County North Carolina,48-49,2022,56,N,N,N
Wake County North Carolina,48-49,2022,57,N,N,N
Wake County North Carolina,48-49,2022,39,N,N,N
Wake County North Carolina,48-49,2022,17,N,N,N
Wake County North Carolina,48-49,2022,3,N,N,N
Wake County North Carolina,51,2022,706,4130342,1103631,28621
Wake County North Carolina,51,2022,377,N,N,N
Wake County North Carolina,51,2022,103,N,N,N
Wake County North Carolina,51,2022,74,N,N,N
Wake County North Carolina,51,2022,75,N,N,N
Wake County North Carolina,51,2022,28,N,N,N
Wake County North Carolina,51,2022,24,N,N,N
Wake County North Carolina,51,2022,17,N,N,N
Wake County North Carolina,51,2022,5,N,N,N
Wake County North Carolina,51,2022,3,N,N,N
Wake County North Carolina,52,2022,1909,3069085,1003671,28566
Wake County North Carolina,52,2022,1210,N,N,N
Wake County North Carolina,52,2022,356,N,N,N
Wake County North Carolina,52,2022,174,N,N,N
Wake County North Carolina,52,2022,99,N,N,N
Wake County North Carolina,52,2022,28,N,N,N
Wake County North Carolina,52,2022,22,N,N,N
Wake County North Carolina,52,2022,11,N,N,N
Wake County North Carolina,52,2022,6,N,N,N
Wake County North Carolina,52,2022,3,N,N,N
Wake County North Carolina,53,2022,2290,740185,168676,10644
Wake County North Carolina,53,2022,1745,N,N,N
Wake County North Carolina,53,2022,346,N,N,N
Wake County North Carolina,53,2022,105,N,N,N
Wake County North Carolina,53,2022,66,N,N,N
Wake County North Carolina,53,2022,22,N,N,N
Wake County North Carolina,53,2022,4,N,N,N
Wake County North Carolina,54,2022,5657,7588298,1796245,69986
Wake County North Carolina,54,2022,4010,N,N,N
Wake County North Carolina,54,2022,635,N,N,N
Wake County North Carolina,54,2022,443,N,N,N
Wake County North Carolina,54,2022,317,N,N,N
Wake County North Carolina,54,2022,132,N,N,N
Wake County North Carolina,54,2022,82,N,N,N
Wake County North Carolina,54,2022,23,N,N,N
Wake County North Carolina,54,2022,11,N,N,N
Wake County North Carolina,54,2022,4,N,N,N
Wake County North Carolina,55,2022,303,1516177,431861,12916
Wake County North Carolina,55,2022,129,N,N,N
Wake County North Carolina,55,2022,34,N,N,N
Wake County North Carolina,55,2022,49,N,N,N
Wake County North Carolina,55,2022,45,N,N,N
Wake County North Carolina,55,2022,19,N,N,N
Wake County North Carolina,55,2022,18,N,N,N
Wake County North Carolina,55,2022,6,N,N,N
Wake County North Carolina,56,2022,2062,2254629,525206,43899
Wake County North Carolina,56,2022,1174,N,N,N
Wake County North Carolina,56,2022,314,N,N,N
Wake County North Carolina,56,2022,220,N,N,N
Wake County North Carolina,56,2022,187,N,N,N
Wake County North Carolina,56,2022,86,N,N,N
Wake County North Carolina,56,2022,48,N,N,N
Wake County North Carolina,56,2022,25,N,N,N
Wake County North Carolina,56,2022,4,N,N,N
Wake County North Carolina,56,2022,3,N,N,N
Wake County North Carolina,61,2022,607,517878,123669,11927
Wake County North Carolina,61,2022,318,N,N,N
Wake County North Carolina,61,2022,79,N,N,N
Wake County North Carolina,61,2022,88,N,N,N
Wake County North Carolina,61,2022,66,N,N,N
Wake County North Carolina,61,2022,33,N,N,N
Wake County North Carolina,61,2022,16,N,N,N
Wake County North Carolina,61,2022,5,N,N,N
Wake County North Carolina,62,2022,3559,4620210,1018245,73250
Wake County North Carolina,62,2022,1603,N,N,N
Wake County North Carolina,62,2022,691,N,N,N
Wake County North Carolina,62,2022,613,N,N,N
Wake County North Carolina,62,2022,462,N,N,N
Wake County North Carolina,62,2022,116,N,N,N
Wake County North Carolina,62,2022,50,N,N,N
Wake County North Carolina,62,2022,14,N,N,N
Wake County North Carolina,62,2022,4,N,N,N
Wake County North Carolina,62,2022,6,N,N,N
Wake County North Carolina,71,2022,569,329452,84367,10259
Wake County North Carolina,71,2022,293,N,N,N
Wake County North Carolina,71,2022,91,N,N,N
Wake County North Carolina,71,2022,90,N,N,N
Wake County North Carolina,71,2022,50,N,N,N
Wake County North Carolina,71,2022,23,N,N,N
Wake County North Carolina,71,2022,20,N,N,N
Wake County North Carolina,72,2022,2765,1379671,291730,56386
Wake County North Carolina,72,2022,686,N,N,N
Wake County North Carolina,72,2022,411,N,N,N
Wake County North Carolina,72,2022,624,N,N,N
Wake County North Carolina,72,2022,790,N,N,N
Wake County North Carolina,72,2022,218,N,N,N
Wake County North Carolina,72,2022,33,N,N,N
Wake County North Carolina,72,2022,3,N,N,N
Wake County North Carolina,81,2022,2896,907813,206466,23002
Wake County North Carolina,81,2022,1702,N,N,N
Wake County North Carolina,81,2022,611,N,N,N
Wake County North Carolina,81,2022,323,N,N,N
Wake County North Carolina,81,2022,196,N,N,N
Wake County North Carolina,81,2022,46,N,N,N
Wake County North Carolina,81,2022,14,N,N,N
Wake County North Carolina,81,2022,4,N,N,N
Wake County North Carolina,99,2022,22,1541,122,18
Wake County North Carolina,99,2022,22,N,N,N
Davidson County Tennessee,0,2022,21694,34178034,8142373,487904
Davidson County Tennessee,0,2022,10336,N,N,N
Davidson County Tennessee,0,2022,4008,N,N,N
Davidson County Tennessee,0,2022,3114,N,N,N
Davidson County Tennessee,0,2022,2564,N,N,N
Davidson County Tennessee,0,2022,870,N,N,N
Davidson County Tennessee,0,2022,574,N,N,N
Davidson County Tennessee,0,2022,144,N,N,N
Davidson County Tennessee,0,2022,52,N,N,N
Davidson County Tennessee,0,2022,32,N,N,N
Davidson County Tennessee,0,2022,15,N,N,N
Davidson County Tennessee,0,2022,10,N,N,N
Davidson County Tennessee,0,2022,4,N,N,N
Davidson County Tennessee,0,2022,3,N,N,N
Davidson County Tennessee,11,2022,9,1171,242,24
Davidson County Tennessee,11,2022,7,N,N,N
Davidson County Tennessee,21,2022,5,9872,2169,133
Davidson County Tennessee,21,2022,3,N,N,N
Davidson County Tennessee,22,2022,14,11140,3428,89
Davidson County Tennessee,22,2022,7,N,N,N
Davidson County Tennessee,22,2022,4,N,N,N
Davidson County Tennessee,23,2022,1439,1926642,414831,25842
Davidson County Tennessee,23,2022,717,N,N,N
Davidson County Tennessee,23,2022,262,N,N,N
Davidson County Tennessee,23,2022,187,N,N,N
Davidson County Tennessee,23,2022,159,N,N,N
Davidson County Tennessee,23,2022,64,N,N,N
Davidson County Tennessee,23,2022,40,N,N,N
Davidson County Tennessee,23,2022,8,N,N,N
Davidson County Tennessee,31-33,2022,557,1279318,302459,21134
Davidson County Tennessee,31-33,2022,197,N,N,N
Davidson County Tennessee,31-33,2022,97,N,N,N
Davidson County Tennessee,31-33,2022,82,N,N,N
Davidson County Tennessee,31-33,2022,90,N,N,N
Davidson County Tennessee,31-33,2022,43,N,N,N
Davidson County Tennessee,31-33,2022,33,N,N,N
Davidson County Tennessee,31-33,2022,9,N,N,N
Davidson County Tennessee,31-33,2022,5,N,N,N
Davidson County Tennessee,42,2022,1035,1846947,456257,21661
Davidson County Tennessee,42,2022,407,N,N,N
Davidson County Tennessee,42,2022,187,N,N,N
Davidson County Tennessee,42,2022,199,N,N,N
Davidson County Tennessee,42,2022,154,N,N,N
Davidson County Tennessee,42,2022,44,N,N,N
Davidson County Tennessee,42,2022,31,N,N,N
Davidson County Tennessee,42,2022,12,N,N,N
Davidson County Tennessee,44-45,2022,2683,1521672,356895,39719
Davidson County Tennessee,44-45,2022,1106,N,N,N
Davidson County Tennessee,44-45,2022,665,N,N,N
Davidson County Tennessee,44-45,2022,492,N,N,N
Davidson County Tennessee,44-45,2022,276,N,N,N
Davidson County Tennessee,44-45,2022,56,N,N,N
Davidson County Tennessee,44-45,2022,78,N,N,N
Davidson County Tennessee,44-45,2022,9,N,N,N
Davidson County Tennessee,48-49,2022,648,1499583,352440,28955
Davidson County Tennessee,48-49,2022,318,N,N,N
Davidson County Tennessee,48-49,2022,94,N,N,N
Davidson County Tennessee,48-49,2022,72,N,N,N
Davidson County Tennessee,48-49,2022,78,N,N,N
Davidson County Tennessee,48-49,2022,34,N,N,N
Davidson County Tennessee,48-49,2022,35,N,N,N
Davidson County Tennessee,48-49,2022,6,N,N,N
Davidson County Tennessee,48-49,2022,5,N,N,N
Davidson County Tennessee,51,2022,702,1364613,343552,15828
Davidson County Tennessee,51,2022,399,N,N,N
Davidson County Tennessee,51,2022,114,N,N,N
Davidson County Tennessee,51,2022,68,N,N,N
Davidson County Tennessee,51,2022,71,N,N,N
Davidson County Tennessee,51,2022,21,N,N,N
Davidson County Tennessee,51,2022,5,N,N,N
Davidson County Tennessee,52,2022,1303,2954347,872422,23804
Davidson County Tennessee,52,2022,742,N,N,N
Davidson County Tennessee,52,2022,286,N,N,N
Davidson County Tennessee,52,2022,123,N,N,N
Davidson County Tennessee,52,2022,68,N,N,N
Davidson County Tennessee,52,2022,43,N,N,N
Davidson County Tennessee,52,2022,28,N,N,N
Davidson County Tennessee,52,2022,6,N,N,N
Davidson County Tennessee,52,2022,3,N,N,N
Davidson County Tennessee,52,2022,4,N,N,N
Davidson County Tennessee,53,2022,1289,732487,164815,9703
Davidson County Tennessee,53,2022,825,N,N,N
Davidson County Tennessee,53,2022,240,N,N,N
Davidson County Tennessee,53,2022,123,N,N,N
Davidson County Tennessee,53,2022,69,N,N,N
Davidson County Tennessee,53,2022,22,N,N,N
Davidson County Tennessee,53,2022,10,N,N,N
Davidson County Tennessee,54,2022,2379,3349243,764712,30869
Davidson County Tennessee,54,2022,1501,N,N,N
Davidson County Tennessee,54,2022,370,N,N,N
Davidson County Tennessee,54,2022,215,N,N,N
Davidson County Tennessee,54,2022,190,N,N,N
Davidson County Tennessee,54,2022,53,N,N,N
Davidson County Tennessee,54,2022,37,N,N,N
Davidson County Tennessee,54,2022,7,N,N,N
Davidson County Tennessee,54,2022,4,N,N,N
Davidson County Tennessee,55,2022,256,3146122,866179,29885
Davidson County Tennessee,55,2022,79,N,N,N
Davidson County Tennessee,55,2022,25,N,N,N
Davidson County Tennessee,55,2022,36,N,N,N
Davidson County Tennessee,55,2022,39,N,N,N
Davidson County Tennessee,55,2022,24,N,N,N
Davidson County Tennessee,55,2022,22,N,N,N
Davidson County Tennessee,55,2022,16,N,N,N
Davidson County Tennessee,55,2022,12,N,N,N
Davidson County Tennessee,55,2022,3,N,N,N
Davidson County Tennessee,56,2022,1168,1978926,466967,36860
Davidson County Tennessee,56,2022,507,N,N,N
Davidson County Tennessee,56,2022,181,N,N,N
Davidson County Tennessee,56,2022,153,N,N,N
Davidson County Tennessee,56,2022,149,N,N,N
Davidson County Tennessee,56,2022,89,N,N,N
Davidson County Tennessee,56,2022,59,N,N,N
Davidson County Tennessee,56,2022,24,N,N,N
Davidson County Tennessee,56,2022,3,N,N,N
Davidson County Tennessee,61,2022,306,1433624,345091,25534
Davidson County Tennessee,61,2022,128,N,N,N
Davidson County Tennessee,61,2022,55,N,N,N
Davidson County Tennessee,61,2022,39,N,N,N
Davidson County Tennessee,61,2022,34,N,N,N
Davidson County Tennessee,61,2022,21,N,N,N
Davidson County Tennessee,61,2022,17,N,N,N
Davidson County Tennessee,61,2022,6,N,N,N
Davidson County Tennessee,61,2022,4,N,N,N
Davidson County Tennessee,62,2022,2324,7226542,1629226,91193
Davidson County Tennessee,62,2022,990,N,N,N
Davidson County Tennessee,62,2022,453,N,N,N
Davidson County Tennessee,62,2022,377,N,N,N
Davidson County Tennessee,62,2022,285,N,N,N
Davidson County Tennessee,62,2022,107,N,N,N
Davidson County Tennessee,62,2022,77,N,N,N
Davidson County Tennessee,62,2022,19,N,N,N
Davidson County Tennessee,62,2022,9,N,N,N
Davidson County Tennessee,62,2022,7,N,N,N
Davidson County Tennessee,62,2022,3,N,N,N
Davidson County Tennessee,71,2022,1052,1345690,240522,12756
Davidson County Tennessee,71,2022,635,N,N,N
Davidson County Tennessee,71,2022,161,N,N,N
Davidson County Tennessee,71,2022,127,N,N,N
Davidson County Tennessee,71,2022,79,N,N,N
Davidson County Tennessee,71,2022,23,N,N,N
Davidson County Tennessee,71,2022,17,N,N,N
Davidson County Tennessee,71,2022,10,N,N,N
Davidson County Tennessee,72,2022,2442,1689384,362168,54439
Davidson County Tennessee,72,2022,615,N,N,N
Davidson County Tennessee,72,2022,383,N,N,N
Davidson County Tennessee,72,2022,538,N,N,N
Davidson County Tennessee,72,2022,659,N,N,N
Davidson County Tennessee,72,2022,184,N,N,N
Davidson County Tennessee,72,2022,57,N,N,N
Davidson County Tennessee,72,2022,4,N,N,N
Davidson County Tennessee,81,2022,2062,856019,197129,19426
Davidson County Tennessee,81,2022,1136,N,N,N
Davidson County Tennessee,81,2022,431,N,N,N
Davidson County Tennessee,81,2022,277,N,N,N
Davidson County Tennessee,81,2022,159,N,N,N
Davidson County Tennessee,81,2022,42,N,N,N
Davidson County Tennessee,81,2022,12,N,N,N
Davidson County Tennessee,81,2022,3,N,N,N
Davidson County Tennessee,99,2022,21,4692,869,50
Davidson County Tennessee,99,2022,19,N,N,N
Dallas County Texas,0,2022,70472,119814402,30946926,1587323
Dallas County Texas,0,2022,37006,N,N,N
Dallas County Texas,0,2022,11516,N,N,N
Dallas County Texas,0,2022,9038,N,N,N
Dallas County Texas,0,2022,7403,N,N,N
Dallas County Texas,0,2022,2859,N,N,N
Dallas County Texas,0,2022,1770,N,N,N
Dallas County Texas,0,2022,535,N,N,N
Dallas County Texas,0,2022,222,N,N,N
Dallas County Texas,0,2022,123,N,N,N
Dallas County Texas,0,2022,54,N,N,N
Dallas County Texas,0,2022,34,N,N,N
Dallas County Texas,0,2022,24,N,N,N
Dallas County Texas,0,2022,11,N,N,N
Dallas County Texas,11,2022,15,1834,433,51
Dallas County Texas,11,2022,11,N,N,N
Dallas County Texas,11,2022,3,N,N,N
Dallas County Texas,21,2022,291,776306,243435,4429
Dallas County Texas,21,2022,178,N,N,N
Dallas County Texas,21,2022,44,N,N,N
Dallas County Texas,21,2022,30,N,N,N
Dallas County Texas,21,2022,21,N,N,N
Dallas County Texas,21,2022,8,N,N,N
Dallas County Texas,21,2022,6,N,N,N
Dallas County Texas,21,2022,3,N,N,N
Dallas County Texas,22,2022,86,729052,243408,4861
Dallas County Texas,22,2022,35,N,N,N
Dallas County Texas,22,2022,7,N,N,N
Dallas County Texas,22,2022,8,N,N,N
Dallas County Texas,22,2022,9,N,N,N
Dallas County Texas,22,2022,16,N,N,N
Dallas County Texas,22,2022,3,N,N,N
Dallas County Texas,23,2022,4761,7229397,1813111,86453
Dallas County Texas,23,2022,2718,N,N,N
Dallas County Texas,23,2022,716,N,N,N
Dallas County Texas,23,2022,559,N,N,N
Dallas County Texas,23,2022,405,N,N,N
Dallas County Texas,23,2022,196,N,N,N
Dallas County Texas,23,2022,117,N,N,N
Dallas County Texas,23,2022,33,N,N,N
Dallas County Texas,23,2022,13,N,N,N
Dallas County Texas,23,2022,4,N,N,N
Dallas County Texas,23,2022,3,N,N,N
Dallas County Texas,31-33,2022,2190,7930941,2270509,107419
Dallas County Texas,31-33,2022,676,N,N,N
Dallas County Texas,31-33,2022,362,N,N,N
Dallas County Texas,31-33,2022,336,N,N,N
Dallas County Texas,31-33,2022,392,N,N,N
Dallas County Texas,31-33,2022,198,N,N,N
Dallas County Texas,31-33,2022,159,N,N,N
Dallas County Texas,31-33,2022,42,N,N,N
Dallas County Texas,31-33,2022,16,N,N,N
Dallas County Texas,31-33,2022,9,N,N,N
Dallas County Texas,31-33,2022,4,N,N,N
Dallas County Texas,42,2022,4331,7671856,1868307,90828
Dallas County Texas,42,2022,2013,N,N,N
Dallas County Texas,42,2022,811,N,N,N
Dallas County Texas,42,2022,639,N,N,N
Dallas County Texas,42,2022,505,N,N,N
Dallas County Texas,42,2022,194,N,N,N
Dallas County Texas,42,2022,110,N,N,N
Dallas County Texas,42,2022,38,N,N,N
Dallas County Texas,42,2022,18,N,N,N
Dallas County Texas,42,2022,3,N,N,N
Dallas County Texas,44-45,2022,7794,5444438,1294842,134636
Dallas County Texas,44-45,2022,3589,N,N,N
Dallas County Texas,44-45,2022,1623,N,N,N
Dallas County Texas,44-45,2022,1238,N,N,N
Dallas County Texas,44-45,2022,835,N,N,N
Dallas County Texas,44-45,2022,243,N,N,N
Dallas County Texas,44-45,2022,211,N,N,N
Dallas County Texas,44-45,2022,42,N,N,N
Dallas County Texas,44-45,2022,9,N,N,N
Dallas County Texas,44-45,2022,4,N,N,N
Dallas County Texas,48-49,2022,2444,9634302,2422594,143390
Dallas County Texas,48-49,2022,1324,N,N,N
Dallas County Texas,48-49,2022,284,N,N,N
Dallas County Texas,48-49,2022,255,N,N,N
Dallas County Texas,48-49,2022,257,N,N,N
Dallas County Texas,48-49,2022,146,N,N,N
Dallas County Texas,48-49,2022,88,N,N,N
Dallas County Texas,48-49,2022,42,N,N,N
Dallas County Texas,48-49,2022,28,N,N,N
Dallas County Texas,48-49,2022,20,N,N,N
Dallas County Texas,48-49,2022,9,N,N,N
Dallas County Texas,48-49,2022,5,N,N,N
Dallas County Texas,48-49,2022,4,N,N,N
Dallas County Texas,51,2022,1554,7213791,2209386,62100
Dallas County Texas,51,2022,750,N,N,N
Dallas County Texas,51,2022,231,N,N,N
Dallas County Texas,51,2022,198,N,N,N
Dallas County Texas,51,2022,172,N,N,N
Dallas County Texas,51,2022,81,N,N,N
Dallas County Texas,51,2022,68,N,N,N
Dallas County Texas,51,2022,29,N,N,N
Dallas County Texas,51,2022,19,N,N,N
Dallas County Texas,51,2022,6,N,N,N
Dallas County Texas,51,2022,3,N,N,N
Dallas County Texas,52,2022,5145,13587279,4167960,110857
Dallas County Texas,52,2022,3076,N,N,N
Dallas County Texas,52,2022,923,N,N,N
Dallas County Texas,52,2022,511,N,N,N
Dallas County Texas,52,2022,299,N,N,N
Dallas County Texas,52,2022,144,N,N,N
Dallas County Texas,52,2022,109,N,N,N
Dallas County Texas,52,2022,43,N,N,N
Dallas County Texas,52,2022,23,N,N,N
Dallas County Texas,52,2022,17,N,N,N
Dallas County Texas,52,2022,11,N,N,N
Dallas County Texas,52,2022,4,N,N,N
Dallas County Texas,53,2022,4519,3985262,1067406,45271
Dallas County Texas,53,2022,3101,N,N,N
Dallas County Texas,53,2022,703,N,N,N
Dallas County Texas,53,2022,362,N,N,N
Dallas County Texas,53,2022,203,N,N,N
Dallas County Texas,53,2022,77,N,N,N
Dallas County Texas,53,2022,49,N,N,N
Dallas County Texas,53,2022,16,N,N,N
Dallas County Texas,53,2022,6,N,N,N
Dallas County Texas,54,2022,10685,18152650,4098100,152880
Dallas County Texas,54,2022,7197,N,N,N
Dallas County Texas,54,2022,1314,N,N,N
Dallas County Texas,54,2022,916,N,N,N
Dallas County Texas,54,2022,730,N,N,N
Dallas County Texas,54,2022,288,N,N,N
Dallas County Texas,54,2022,166,N,N,N
Dallas County Texas,54,2022,49,N,N,N
Dallas County Texas,54,2022,13,N,N,N
Dallas County Texas,54,2022,12,N,N,N
Dallas County Texas,54,2022,9,N,N,N
Dallas County Texas,55,2022,815,9650859,2714561,80276
Dallas County Texas,55,2022,264,N,N,N
Dallas County Texas,55,2022,90,N,N,N
Dallas County Texas,55,2022,100,N,N,N
Dallas County Texas,55,2022,130,N,N,N
Dallas County Texas,55,2022,75,N,N,N
Dallas County Texas,55,2022,80,N,N,N
Dallas County Texas,55,2022,35,N,N,N
Dallas County Texas,55,2022,26,N,N,N
Dallas County Texas,55,2022,15,N,N,N
Dallas County Texas,55,2022,8,N,N,N
Dallas County Texas,55,2022,6,N,N,N
Dallas County Texas,56,2022,3850,6949390,1654648,143155
Dallas County Texas,56,2022,1836,N,N,N
Dallas County Texas,56,2022,565,N,N,N
Dallas County Texas,56,2022,464,N,N,N
Dallas County Texas,56,2022,444,N,N,N
Dallas County Texas,56,2022,251,N,N,N
Dallas County Texas,56,2022,192,N,N,N
Dallas County Texas,56,2022,70,N,N,N
Dallas County Texas,56,2022,19,N,N,N
Dallas County Texas,56,2022,9,N,N,N
Dallas County Texas,56,2022,4,N,N,N
Dallas County Texas,61,2022,890,1773616,408282,33757
Dallas County Texas,61,2022,427,N,N,N
Dallas County Texas,61,2022,127,N,N,N
Dallas County Texas,61,2022,122,N,N,N
Dallas County Texas,61,2022,116,N,N,N
Dallas County Texas,61,2022,49,N,N,N
Dallas County Texas,61,2022,27,N,N,N
Dallas County Texas,61,2022,14,N,N,N
Dallas County Texas,61,2022,4,N,N,N
Dallas County Texas,61,2022,3,N,N,N
Dallas County Texas,62,2022,8134,12168213,2917990,186607
Dallas County Texas,62,2022,3997,N,N,N
Dallas County Texas,62,2022,1599,N,N,N
Dallas County Texas,62,2022,1183,N,N,N
Dallas County Texas,62,2022,789,N,N,N
Dallas County Texas,62,2022,304,N,N,N
Dallas County Texas,62,2022,185,N,N,N
Dallas County Texas,62,2022,46,N,N,N
Dallas County Texas,62,2022,15,N,N,N
Dallas County Texas,62,2022,16,N,N,N
Dallas County Texas,62,2022,4,N,N,N
Dallas County Texas,62,2022,3,N,N,N
Dallas County Texas,62,2022,6,N,N,N
Dallas County Texas,71,2022,916,762979,162033,16945
Dallas County Texas,71,2022,482,N,N,N
Dallas County Texas,71,2022,121,N,N,N
Dallas County Texas,71,2022,149,N,N,N
Dallas County Texas,71,2022,88,N,N,N
Dallas County Texas,71,2022,41,N,N,N
Dallas County Texas,71,2022,26,N,N,N
Dallas County Texas,71,2022,8,N,N,N
Dallas County Texas,72,2022,6468,3593413,809486,130385
Dallas County Texas,72,2022,1868,N,N,N
Dallas County Texas,72,2022,979,N,N,N
Dallas County Texas,72,2022,1408,N,N,N
Dallas County Texas,72,2022,1631,N,N,N
Dallas County Texas,72,2022,453,N,N,N
Dallas County Texas,72,2022,116,N,N,N
Dallas County Texas,72,2022,8,N,N,N
Dallas County Texas,72,2022,4,N,N,N
Dallas County Texas,81,2022,5498,2552906,579345,52877
Dallas County Texas,81,2022,3385,N,N,N
Dallas County Texas,81,2022,1012,N,N,N
Dallas County Texas,81,2022,555,N,N,N
Dallas County Texas,81,2022,376,N,N,N
Dallas County Texas,81,2022,95,N,N,N
Dallas County Texas,81,2022,54,N,N,N
Dallas County Texas,81,2022,16,N,N,N
Dallas County Texas,81,2022,5,N,N,N
Dallas County Texas,99,2022,86,5918,1090,146
Dallas County Texas,99,2022,79,N,N,N
Dallas County Texas,99,2022,4,N,N,N
Fairfax County Virginia,0,2022,31739,65399128,16511931,672176
Fairfax County Virginia,0,2022,17780,N,N,N
Fairfax County Virginia,0,2022,4971,N,N,N
Fairfax County Virginia,0,2022,3704,N,N,N
Fairfax County Virginia,0,2022,2907,N,N,N
Fairfax County Virginia,0,2022,1190,N,N,N
Fairfax County Virginia,0,2022,770,N,N,N
Fairfax County Virginia,0,2022,258,N,N,N
Fairfax County Virginia,0,2022,107,N,N,N
Fairfax County Virginia,0,2022,52,N,N,N
Fairfax County Virginia,0,2022,25,N,N,N
Fairfax County Virginia,0,2022,15,N,N,N
Fairfax County Virginia,0,2022,8,N,N,N
Fairfax County Virginia,0,2022,4,N,N,N
Fairfax County Virginia,11,2022,4,25110,6676,207
Fairfax County Virginia,21,2022,5,6054,1545,68
Fairfax County Virginia,21,2022,3,N,N,N
Fairfax County Virginia,22,2022,17,202629,57246,1729
Fairfax County Virginia,22,2022,6,N,N,N
Fairfax County Virginia,22,2022,3,N,N,N
Fairfax County Virginia,22,2022,4,N,N,N
Fairfax County Virginia,23,2022,2470,2900215,718061,30088
Fairfax County Virginia,23,2022,1673,N,N,N
Fairfax County Virginia,23,2022,340,N,N,N
Fairfax County Virginia,23,2022,206,N,N,N
Fairfax County Virginia,23,2022,146,N,N,N
Fairfax County Virginia,23,2022,54,N,N,N
Fairfax County Virginia,23,2022,35,N,N,N
Fairfax County Virginia,23,2022,11,N,N,N
Fairfax County Virginia,23,2022,3,N,N,N
Fairfax County Virginia,31-33,2022,332,395829,95332,5769
Fairfax County Virginia,31-33,2022,152,N,N,N
Fairfax County Virginia,31-33,2022,67,N,N,N
Fairfax County Virginia,31-33,2022,56,N,N,N
Fairfax County Virginia,31-33,2022,32,N,N,N
Fairfax County Virginia,31-33,2022,15,N,N,N
Fairfax County Virginia,31-33,2022,7,N,N,N
Fairfax County Virginia,42,2022,822,2283616,522365,16224
Fairfax County Virginia,42,2022,472,N,N,N
Fairfax County Virginia,42,2022,134,N,N,N
Fairfax County Virginia,42,2022,91,N,N,N
Fairfax County Virginia,42,2022,66,N,N,N
Fairfax County Virginia,42,2022,33,N,N,N
Fairfax County Virginia,42,2022,14,N,N,N
Fairfax County Virginia,42,2022,6,N,N,N
Fairfax County Virginia,42,2022,5,N,N,N
Fairfax County Virginia,44-45,2022,2483,1990720,471712,49145
Fairfax County Virginia,44-45,2022,1005,N,N,N
Fairfax County Virginia,44-45,2022,555,N,N,N
Fairfax County Virginia,44-45,2022,403,N,N,N
Fairfax County Virginia,44-45,2022,289,N,N,N
Fairfax County Virginia,44-45,2022,117,N,N,N
Fairfax County Virginia,44-45,2022,90,N,N,N
Fairfax County Virginia,44-45,2022,20,N,N,N
Fairfax County Virginia,44-45,2022,4,N,N,N
Fairfax County Virginia,48-49,2022,443,516348,120589,9631
Fairfax County Virginia,48-49,2022,288,N,N,N
Fairfax County Virginia,48-49,2022,50,N,N,N
Fairfax County Virginia,48-49,2022,31,N,N,N
Fairfax County Virginia,48-49,2022,38,N,N,N
Fairfax County Virginia,48-49,2022,15,N,N,N
Fairfax County Virginia,48-49,2022,12,N,N,N
Fairfax County Virginia,48-49,2022,6,N,N,N
Fairfax County Virginia,48-49,2022,3,N,N,N
Fairfax County Virginia,51,2022,849,6473878,1748947,39901
Fairfax County Virginia,51,2022,398,N,N,N
Fairfax County Virginia,51,2022,103,N,N,N
Fairfax County Virginia,51,2022,94,N,N,N
Fairfax County Virginia,51,2022,106,N,N,N
Fairfax County Virginia,51,2022,58,N,N,N
Fairfax County Virginia,51,2022,51,N,N,N
Fairfax County Virginia,51,2022,23,N,N,N
Fairfax County Virginia,51,2022,12,N,N,N
Fairfax County Virginia,51,2022,4,N,N,N
Fairfax County Virginia,51,2022,3,N,N,N
Fairfax County Virginia,52,2022,1629,5492997,1749951,32500
Fairfax County Virginia,52,2022,968,N,N,N
Fairfax County Virginia,52,2022,317,N,N,N
Fairfax County Virginia,52,2022,160,N,N,N
Fairfax County Virginia,52,2022,97,N,N,N
Fairfax County Virginia,52,2022,48,N,N,N
Fairfax County Virginia,52,2022,23,N,N,N
Fairfax County Virginia,52,2022,6,N,N,N
Fairfax County Virginia,52,2022,5,N,N,N
Fairfax County Virginia,52,2022,3,N,N,N
Fairfax County Virginia,53,2022,1793,1076212,251679,11380
Fairfax County Virginia,53,2022,1408,N,N,N
Fairfax County Virginia,53,2022,205,N,N,N
Fairfax County Virginia,53,2022,91,N,N,N
Fairfax County Virginia,53,2022,52,N,N,N
Fairfax County Virginia,53,2022,20,N,N,N
Fairfax County Virginia,53,2022,10,N,N,N
Fairfax County Virginia,53,2022,7,N,N,N
Fairfax County Virginia,54,2022,8591,28674700,7137670,239917
Fairfax County Virginia,54,2022,5467,N,N,N
Fairfax County Virginia,54,2022,887,N,N,N
Fairfax County Virginia,54,2022,708,N,N,N
Fairfax County Virginia,54,2022,691,N,N,N
Fairfax County Virginia,54,2022,370,N,N,N
Fairfax County Virginia,54,2022,281,N,N,N
Fairfax County Virginia,54,2022,113,N,N,N
Fairfax County Virginia,54,2022,53,N,N,N
Fairfax County Virginia,54,2022,21,N,N,N
Fairfax County Virginia,54,2022,9,N,N,N
Fairfax County Virginia,54,2022,7,N,N,N
Fairfax County Virginia,54,2022,3,N,N,N
Fairfax County Virginia,55,2022,309,3452317,852831,24988
Fairfax County Virginia,55,2022,122,N,N,N
Fairfax County Virginia,55,2022,62,N,N,N
Fairfax County Virginia,55,2022,26,N,N,N
Fairfax County Virginia,55,2022,46,N,N,N
Fairfax County Virginia,55,2022,15,N,N,N
Fairfax County Virginia,55,2022,19,N,N,N
Fairfax County Virginia,55,2022,10,N,N,N
Fairfax County Virginia,55,2022,3,N,N,N
Fairfax County Virginia,55,2022,6,N,N,N
Fairfax County Virginia,56,2022,1831,3859696,902125,59412
Fairfax County Virginia,56,2022,1006,N,N,N
Fairfax County Virginia,56,2022,224,N,N,N
Fairfax County Virginia,56,2022,186,N,N,N
Fairfax County Virginia,56,2022,180,N,N,N
Fairfax County Virginia,56,2022,110,N,N,N
Fairfax County Virginia,56,2022,83,N,N,N
Fairfax County Virginia,56,2022,26,N,N,N
Fairfax County Virginia,56,2022,10,N,N,N
Fairfax County Virginia,56,2022,6,N,N,N
Fairfax County Virginia,56,2022,3,N,N,N
Fairfax County Virginia,61,2022,689,761023,181754,12548
Fairfax County Virginia,61,2022,330,N,N,N
Fairfax County Virginia,61,2022,117,N,N,N
Fairfax County Virginia,61,2022,119,N,N,N
Fairfax County Virginia,61,2022,77,N,N,N
Fairfax County Virginia,61,2022,21,N,N,N
Fairfax County Virginia,61,2022,20,N,N,N
Fairfax County Virginia,61,2022,3,N,N,N
Fairfax County Virginia,62,2022,3709,4654961,1091822,67164
Fairfax County Virginia,62,2022,1730,N,N,N
Fairfax County Virginia,62,2022,871,N,N,N
Fairfax County Virginia,62,2022,564,N,N,N
Fairfax County Virginia,62,2022,338,N,N,N
Fairfax County Virginia,62,2022,113,N,N,N
Fairfax County Virginia,62,2022,62,N,N,N
Fairfax County Virginia,62,2022,19,N,N,N
Fairfax County Virginia,62,2022,7,N,N,N
Fairfax County Virginia,62,2022,5,N,N,N
Fairfax County Virginia,62,2022,3,N,N,N
Fairfax County Virginia,71,2022,453,230210,47481,6931
Fairfax County Virginia,71,2022,249,N,N,N
Fairfax County Virginia,71,2022,64,N,N,N
Fairfax County Virginia,71,2022,39,N,N,N
Fairfax County Virginia,71,2022,25,N,N,N
Fairfax County Virginia,71,2022,10,N,N,N
Fairfax County Virginia,72,2022,2517,1170622,264142,42418
Fairfax County Virginia,72,2022,802,N,N,N
Fairfax County Virginia,72,2022,475,N,N,N
Fairfax County Virginia,72,2022,547,N,N,N
Fairfax County Virginia,72,2022,528,N,N,N
Fairfax County Virginia,72,2022,126,N,N,N
Fairfax County Virginia,72,2022,38,N,N,N
Fairfax County Virginia,81,2022,2774,1231143,289771,22127
Fairfax County Virginia,81,2022,1682,N,N,N
Fairfax County Virginia,81,2022,496,N,N,N
Fairfax County Virginia,81,2022,356,N,N,N
Fairfax County Virginia,81,2022,178,N,N,N
Fairfax County Virginia,81,2022,46,N,N,N
Fairfax County Virginia,81,2022,13,N,N,N
Fairfax County Virginia,81,2022,3,N,N,N
Fairfax County Virginia,99,2022,19,848,232,29
Fairfax County Virginia,99,2022,17,N,N,N
Loudoun County Virginia,0,2022,12194,12922429,3058816,182301
Loudoun County Virginia,0,2022,7418,N,N,N
Loudoun County Virginia,0,2022,1724,N,N,N
Loudoun County Virginia,0,2022,1347,N,N,N
Loudoun County Virginia,0,2022,1092,N,N,N
Loudoun County Virginia,0,2022,355,N,N,N
Loudoun County Virginia,0,2022,173,N,N,N
Loudoun County Virginia,0,2022,52,N,N,N
Loudoun County Virginia,0,2022,23,N,N,N
Loudoun County Virginia,0,2022,10,N,N,N
Loudoun County Virginia,0,2022,3,N,N,N
Loudoun County Virginia,0,2022,4,N,N,N
Loudoun County Virginia,11,2022,24,2736,615,65
Loudoun County Virginia,11,2022,21,N,N,N
Loudoun County Virginia,21,2022,5,19096,3344,148
Loudoun County Virginia,22,2022,5,10241,2644,115
Loudoun County Virginia,22,2022,3,N,N,N
Loudoun County Virginia,23,2022,943,1094744,246985,13714
Loudoun County Virginia,23,2022,554,N,N,N
Loudoun County Virginia,23,2022,137,N,N,N
Loudoun County Virginia,23,2022,99,N,N,N
Loudoun County Virginia,23,2022,97,N,N,N
Loudoun County Virginia,23,2022,36,N,N,N
Loudoun County Virginia,23,2022,15,N,N,N
Loudoun County Virginia,31-33,2022,202,550299,126471,6592
Loudoun County Virginia,31-33,2022,70,N,N,N
Loudoun County Virginia,31-33,2022,45,N,N,N
Loudoun County Virginia,31-33,2022,39,N,N,N
Loudoun County Virginia,31-33,2022,23,N,N,N
Loudoun County Virginia,31-33,2022,17,N,N,N
Loudoun County Virginia,31-33,2022,5,N,N,N
Loudoun County Virginia,42,2022,279,288558,68645,3297
Loudoun County Virginia,42,2022,148,N,N,N
Loudoun County Virginia,42,2022,50,N,N,N
Loudoun County Virginia,42,2022,44,N,N,N
Loudoun County Virginia,42,2022,23,N,N,N
Loudoun County Virginia,42,2022,10,N,N,N
Loudoun County Virginia,42,2022,4,N,N,N
Loudoun County Virginia,44-45,2022,1058,736203,167912,19225
Loudoun County Virginia,44-45,2022,443,N,N,N
Loudoun County Virginia,44-45,2022,227,N,N,N
Loudoun County Virginia,44-45,2022,188,N,N,N
Loudoun County Virginia,44-45,2022,121,N,N,N
Loudoun County Virginia,44-45,2022,43,N,N,N
Loudoun County Virginia,44-45,2022,24,N,N,N
Loudoun County Virginia,44-45,2022,12,N,N,N
Loudoun County Virginia,48-49,2022,378,749324,170356,14092
Loudoun County Virginia,48-49,2022,212,N,N,N
Loudoun County Virginia,48-49,2022,48,N,N,N
Loudoun County Virginia,48-49,2022,31,N,N,N
Loudoun County Virginia,48-49,2022,42,N,N,N
Loudoun County Virginia,48-49,2022,29,N,N,N
Loudoun County Virginia,48-49,2022,6,N,N,N
Loudoun County Virginia,48-49,2022,5,N,N,N
Loudoun County Virginia,48-49,2022,4,N,N,N
Loudoun County Virginia,51,2022,321,1066119,344613,8132
Loudoun County Virginia,51,2022,180,N,N,N
Loudoun County Virginia,51,2022,40,N,N,N
Loudoun County Virginia,51,2022,30,N,N,N
Loudoun County Virginia,51,2022,13,N,N,N
Loudoun County Virginia,51,2022,10,N,N,N
Loudoun County Virginia,51,2022,5,N,N,N
Loudoun County Virginia,51,2022,3,N,N,N
Loudoun County Virginia,52,2022,425,386431,85888,3619
Loudoun County Virginia,52,2022,275,N,N,N
Loudoun County Virginia,52,2022,82,N,N,N
Loudoun County Virginia,52,2022,43,N,N,N
Loudoun County Virginia,52,2022,16,N,N,N
Loudoun County Virginia,52,2022,3,N,N,N
Loudoun County Virginia,52,2022,4,N,N,N
Loudoun County Virginia,53,2022,552,133064,29611,1901
Loudoun County Virginia,53,2022,479,N,N,N
Loudoun County Virginia,53,2022,37,N,N,N
Loudoun County Virginia,53,2022,21,N,N,N
Loudoun County Virginia,53,2022,9,N,N,N
Loudoun County Virginia,53,2022,4,N,N,N
Loudoun County Virginia,54,2022,3820,4385639,1021343,44443
Loudoun County Virginia,54,2022,2981,N,N,N
Loudoun County Virginia,54,2022,336,N,N,N
Loudoun County Virginia,54,2022,213,N,N,N
Loudoun County Virginia,54,2022,168,N,N,N
Loudoun County Virginia,54,2022,65,N,N,N
Loudoun County Virginia,54,2022,34,N,N,N
Loudoun County Virginia,54,2022,12,N,N,N
Loudoun County Virginia,54,2022,8,N,N,N
Loudoun County Virginia,54,2022,3,N,N,N
Loudoun County Virginia,55,2022,55,414600,106629,4671
Loudoun County Virginia,55,2022,18,N,N,N
Loudoun County Virginia,55,2022,10,N,N,N
Loudoun County Virginia,55,2022,4,N,N,N
Loudoun County Virginia,55,2022,7,N,N,N
Loudoun County Virginia,55,2022,9,N,N,N
Loudoun County Virginia,56,2022,620,785271,170437,14936
Loudoun County Virginia,56,2022,325,N,N,N
Loudoun County Virginia,56,2022,86,N,N,N
Loudoun County Virginia,56,2022,70,N,N,N
Loudoun County Virginia,56,2022,80,N,N,N
Loudoun County Virginia,56,2022,34,N,N,N
Loudoun County Virginia,56,2022,18,N,N,N
Loudoun County Virginia,56,2022,3,N,N,N
Loudoun County Virginia,61,2022,263,106203,23517,3283
Loudoun County Virginia,61,2022,124,N,N,N
Loudoun County Virginia,61,2022,50,N,N,N
Loudoun County Virginia,61,2022,37,N,N,N
Loudoun County Virginia,61,2022,44,N,N,N
Loudoun County Virginia,61,2022,5,N,N,N
Loudoun County Virginia,61,2022,3,N,N,N
Loudoun County Virginia,62,2022,1192,950081,216775,15896
Loudoun County Virginia,62,2022,596,N,N,N
Loudoun County Virginia,62,2022,259,N,N,N
Loudoun County Virginia,62,2022,171,N,N,N
Loudoun County Virginia,62,2022,123,N,N,N
Loudoun County Virginia,62,2022,26,N,N,N
Loudoun County Virginia,62,2022,12,N,N,N
Loudoun County Virginia,71,2022,195,388268,77115,3596
Loudoun County Virginia,71,2022,100,N,N,N
Loudoun County Virginia,71,2022,24,N,N,N
Loudoun County Virginia,71,2022,35,N,N,N
Loudoun County Virginia,71,2022,21,N,N,N
Loudoun County Virginia,71,2022,9,N,N,N
Loudoun County Virginia,71,2022,5,N,N,N
Loudoun County Virginia,72,2022,863,458185,104478,16776
Loudoun County Virginia,72,2022,250,N,N,N
Loudoun County Virginia,72,2022,138,N,N,N
Loudoun County Virginia,72,2022,191,N,N,N
Loudoun County Virginia,72,2022,216,N,N,N
Loudoun County Virginia,72,2022,49,N,N,N
Loudoun County Virginia,72,2022,17,N,N,N
Loudoun County Virginia,81,2022,983,396637,91290,7776
Loudoun County Virginia,81,2022,628,N,N,N
Loudoun County Virginia,81,2022,152,N,N,N
Loudoun County Virginia,81,2022,119,N,N,N
Loudoun County Virginia,81,2022,69,N,N,N
Loudoun County Virginia,81,2022,6,N,N,N
Loudoun County Virginia,81,2022,7,N,N,N
Loudoun County Virginia,99,2022,11,730,148,24
Loudoun County Virginia,99,2022,10,N,N,N
