Label (Grouping),"Santa Clara County, California!!Total!!Estimate","Santa Clara County, California!!Total!!Margin of Error","Santa Clara County, California!!Percent!!Estimate","Santa Clara County, California!!Percent!!Margin of Error","Santa Clara County, California!!Male!!Estimate","Santa Clara County, California!!Male!!Margin of Error","Santa Clara County, California!!Percent Male!!Estimate","Santa Clara County, California!!Percent Male!!Margin of Error","Santa Clara County, California!!Female!!Estimate","Santa Clara County, California!!Female!!Margin of Error","Santa Clara County, California!!Percent Female!!Estimate","Santa Clara County, California!!Percent Female!!Margin of Error","Montgomery County, Maryland!!Total!!Estimate","Montgomery County, Maryland!!Total!!Margin of Error","Montgomery County, Maryland!!Percent!!Estimate","Montgomery County, Maryland!!Percent!!Margin of Error","Montgomery County, Maryland!!Male!!Estimate","Montgomery County, Maryland!!Male!!Margin of Error","Montgomery County, Maryland!!Percent Male!!Estimate","Montgomery County, Maryland!!Percent Male!!Margin of Error","Montgomery County, Maryland!!Female!!Estimate","Montgomery County, Maryland!!Female!!Margin of Error","Montgomery County, Maryland!!Percent Female!!Estimate","Montgomery County, Maryland!!Percent Female!!Margin of Error","Wake County, North Carolina!!Total!!Estimate","Wake County, North Carolina!!Total!!Margin of Error","Wake County, North Carolina!!Percent!!Estimate","Wake County, North Carolina!!Percent!!Margin of Error","Wake County, North Carolina!!Male!!Estimate","Wake County, North Carolina!!Male!!Margin of Error","Wake County, North Carolina!!Percent Male!!Estimate","Wake County, North Carolina!!Percent Male!!Margin of Error","Wake County, North Carolina!!Female!!Estimate","Wake County, North Carolina!!Female!!Margin of Error","Wake County, North Carolina!!Percent Female!!Estimate","Wake County, North Carolina!!Percent Female!!Margin of Error","Davidson County, Tennessee!!Total!!Estimate","Davidson County, Tennessee!!Total!!Margin of Error","Davidson County, Tennessee!!Percent!!Estimate","Davidson County, Tennessee!!Percent!!Margin of Error","Davidson County, Tennessee!!Male!!Estimate","Davidson County, Tennessee!!Male!!Margin of Error","Davidson County, Tennessee!!Percent Male!!Estimate","Davidson County, Tennessee!!Percent Male!!Margin of Error","Davidson County, Tennessee!!Female!!Estimate","Davidson County, Tennessee!!Female!!Margin of Error","Davidson County, Tennessee!!Percent Female!!Estimate","Davidson County, Tennessee!!Percent Female!!Margin of Error","Dallas County, Texas!!Total!!Estimate","Dallas County, Texas!!Total!!Margin of Error","Dallas County, Texas!!Percent!!Estimate","Dallas County, Texas!!Percent!!Margin of Error","Dallas County, Texas!!Male!!Estimate","Dallas County, Texas!!Male!!Margin of Error","Dallas County, Texas!!Percent Male!!Estimate","Dallas County, Texas!!Percent Male!!Margin of Error","Dallas County, Texas!!Female!!Estimate","Dallas County, Texas!!Female!!Margin of Error","Dallas County, Texas!!Percent Female!!Estimate","Dallas County, Texas!!Percent Female!!Margin of Error","Fairfax County, Virginia!!Total!!Estimate","Fairfax County, Virginia!!Total!!Margin of Error","Fairfax County, Virginia!!Percent!!Estimate","Fairfax County, Virginia!!Percent!!Margin of Error","Fairfax County, Virginia!!Male!!Estimate","Fairfax County, Virginia!!Male!!Margin of Error","Fairfax County, Virginia!!Percent Male!!Estimate","Fairfax County, Virginia!!Percent Male!!Margin of Error","Fairfax County, Virginia!!Female!!Estimate","Fairfax County, Virginia!!Female!!Margin of Error","Fairfax County, Virginia!!Percent Female!!Estimate","Fairfax County, Virginia!!Percent Female!!Margin of Error","Loudoun County, Virginia!!Total!!Estimate","Loudoun County, Virginia!!Total!!Margin of Error","Loudoun County, Virginia!!Percent!!Estimate","Loudoun County, Virginia!!Percent!!Margin of Error","Loudoun County, Virginia!!Male!!Estimate","Loudoun County, Virginia!!Male!!Margin of Error","Loudoun County, Virginia!!Percent Male!!Estimate","Loudoun County, Virginia!!Percent Male!!Margin of Error","Loudoun County, Virginia!!Female!!Estimate","Loudoun County, Virginia!!Female!!Margin of Error","Loudoun County, Virginia!!Percent Female!!Estimate","Loudoun County, Virginia!!Percent Female!!Margin of Error"
Total population,"1,877,592",*****,(X),(X),"957,112","±1,092",(X),(X),"920,480","±1,092",(X),(X),"1,058,474",*****,(X),(X),"515,740",±328,(X),(X),"542,734",±328,(X),(X),"1,190,275",*****,(X),(X),"582,915",±241,(X),(X),"607,360",±241,(X),(X),"712,334",*****,(X),(X),"344,357",±334,(X),(X),"367,977",±334,(X),(X),"2,606,358",*****,(X),(X),"1,292,795",±189,(X),(X),"1,313,563",±189,(X),(X),"1,141,878",*****,(X),(X),"569,883",±197,(X),(X),"571,995",±197,(X),(X),"436,347",*****,(X),(X),"218,730",±829,(X),(X),"217,617",±829,(X),(X)
    AGE,,,,,,,,,,,,,,,,,,,,,,,,,,,,,,,,,,,,,,,,,,,,,,,,,,,,,,,,,,,,,,,,,,,,,,,,,,,,,,,,,,,,
        Under 5 years,"93,972",±386,5.0%,±0.1,"48,873",±948,5.1%,±0.1,"45,099",±851,4.9%,±0.1,"59,366",±217,5.6%,±0.1,"30,705",±206,6.0%,±0.1,"28,661",±69,5.3%,±0.1,"67,560",±163,5.7%,±0.1,"34,326",±81,5.9%,±0.1,"33,234",±143,5.5%,±0.1,"45,667",±221,6.4%,±0.1,"23,113",±221,6.7%,±0.1,"22,554",±3,6.1%,±0.1,"175,053",*****,6.7%,*****,"89,064",±120,6.9%,±0.1,"85,989",±121,6.5%,±0.1,"64,777",±154,5.7%,±0.1,"33,055",±44,5.8%,±0.1,"31,722",±153,5.5%,±0.1,"26,353",±85,6.0%,±0.1,"13,564",±654,6.2%,±0.3,"12,789",±665,5.9%,±0.3
        5 to 9 years,"101,352","±4,247",5.4%,±0.2,"52,138","±3,025",5.4%,±0.3,"49,214","±2,730",5.3%,±0.3,"65,627","±3,840",6.2%,±0.4,"35,028","±2,716",6.8%,±0.5,"30,599","±2,352",5.6%,±0.4,"73,992","±4,060",6.2%,±0.3,"37,772","±3,173",6.5%,±0.5,"36,220","±2,840",6.0%,±0.5,"38,317","±3,342",5.4%,±0.5,"21,489","±2,366",6.2%,±0.7,"16,828","±2,478",4.6%,±0.7,"169,650","±6,078",6.5%,±0.2,"85,184","±4,724",6.6%,±0.4,"84,466","±4,532",6.4%,±0.3,"67,414","±3,684",5.9%,±0.3,"33,223","±2,593",5.8%,±0.5,"34,191","±2,398",6.0%,±0.4,"32,357","±2,613",7.4%,±0.6,"16,873","±1,822",7.7%,±0.8,"15,484","±1,857",7.1%,±0.9
        10 to 14 years,"107,146","±4,239",5.7%,±0.2,"55,105","±3,054",5.8%,±0.3,"52,041","±2,751",5.7%,±0.3,"69,844","±3,852",6.6%,±0.4,"34,518","±2,697",6.7%,±0.5,"35,326","±2,365",6.5%,±0.4,"78,891","±4,043",6.6%,±0.3,"40,327","±3,214",6.9%,±0.6,"38,564","±2,837",6.3%,±0.5,"38,099","±3,358",5.3%,±0.5,"16,912","±2,364",4.9%,±0.7,"21,187","±2,496",5.8%,±0.7,"186,213","±6,077",7.1%,±0.2,"96,767","±4,724",7.5%,±0.4,"89,446","±4,531",6.8%,±0.3,"78,264","±3,674",6.9%,±0.3,"41,579","±2,586",7.3%,±0.5,"36,685","±2,387",6.4%,±0.4,"33,508","±2,598",7.7%,±0.6,"16,937","±1,802",7.7%,±0.8,"16,571","±1,850",7.6%,±0.8
        15 to 19 years,"123,987","±1,087",6.6%,±0.1,"64,056",±983,6.7%,±0.1,"59,931",±824,6.5%,±0.1,"67,425",±264,6.4%,±0.1,"34,957",±122,6.8%,±0.1,"32,468",±232,6.0%,±0.1,"79,529",±866,6.7%,±0.1,"40,550",±723,7.0%,±0.1,"38,979",±600,6.4%,±0.1,"41,289","±1,478",5.8%,±0.2,"20,772",±405,6.0%,±0.1,"20,517","±1,499",5.6%,±0.4,"182,996",±234,7.0%,±0.1,"93,667",±283,7.2%,±0.1,"89,329",±197,6.8%,±0.1,"74,526",±144,6.5%,±0.1,"38,885",±65,6.8%,±0.1,"35,641",±102,6.2%,±0.1,"33,051","±1,256",7.6%,±0.3,"17,085",±617,7.8%,±0.3,"15,966","±1,274",7.3%,±0.6
        20 to 24 years,"119,250","±1,230",6.4%,±0.1,"62,485",±942,6.5%,±0.1,"56,765",±746,6.2%,±0.1,"58,537",±204,5.5%,±0.1,"29,550",±172,5.7%,±0.1,"28,987",±73,5.3%,±0.1,"73,690",±852,6.2%,±0.1,"36,495",±680,6.3%,±0.1,"37,195",±668,6.1%,±0.1,"51,609","±1,445",7.2%,±0.2,"24,545",±332,7.1%,±0.1,"27,064","±1,390",7.4%,±0.4,"185,802",±434,7.1%,±0.1,"92,785",±259,7.2%,±0.1,"93,017",±349,7.1%,±0.1,"66,857",±171,5.9%,±0.1,"33,689",±72,5.9%,±0.1,"33,168",±153,5.8%,±0.1,"23,798","±1,328",5.5%,±0.3,"12,048",±340,5.5%,±0.2,"11,750","±1,242",5.4%,±0.6
        25 to 29 years,"141,737","±1,117",7.5%,±0.1,"74,714",±444,7.8%,±0.1,"67,023","±1,015",7.3%,±0.1,"59,317",±79,5.6%,±0.1,"29,025",±4,5.6%,±0.1,"30,292",±79,5.6%,±0.1,"82,621",±140,6.9%,±0.1,"40,401",±68,6.9%,±0.1,"42,220",±123,7.0%,±0.1,"71,788",±186,10.1%,±0.1,"33,768",±163,9.8%,±0.1,"38,020",±144,10.3%,±0.1,"219,092",±371,8.4%,±0.1,"109,577",±171,8.5%,±0.1,"109,515",±365,8.3%,±0.1,"72,699",±252,6.4%,±0.1,"36,999",±188,6.5%,±0.1,"35,700",±161,6.2%,±0.1,"20,435",±522,4.7%,±0.1,"10,385",±36,4.7%,±0.1,"10,050",±515,4.6%,±0.2
        30 to 34 years,"158,005",±662,8.4%,±0.1,"85,728",±484,9.0%,±0.1,"72,277",±344,7.9%,±0.1,"64,326",±176,6.1%,±0.1,"31,914",±160,6.2%,±0.1,"32,412",±111,6.0%,±0.1,"90,045",±168,7.6%,±0.1,"44,281",±31,7.6%,±0.1,"45,764",±157,7.5%,±0.1,"71,752",±257,10.1%,±0.1,"35,222",±195,10.2%,±0.1,"36,530",±180,9.9%,±0.1,"212,259",*****,8.1%,*****,"106,892",*****,8.3%,±0.1,"105,367",*****,8.0%,±0.1,"75,852",±269,6.6%,±0.1,"38,740",±200,6.8%,±0.1,"37,112",±156,6.5%,±0.1,"25,103",±543,5.8%,±0.1,"12,030",±525,5.5%,±0.2,"13,073",±80,6.0%,±0.1
        35 to 39 years,"142,645","±5,091",7.6%,±0.3,"78,204","±3,326",8.2%,±0.3,"64,441","±3,313",7.0%,±0.4,"73,642","±3,863",7.0%,±0.4,"35,822","±2,356",6.9%,±0.5,"37,820","±2,571",7.0%,±0.5,"90,944","±3,917",7.6%,±0.3,"45,720","±2,583",7.8%,±0.4,"45,224","±3,144",7.4%,±0.5,"58,605","±3,902",8.2%,±0.5,"30,067","±2,975",8.7%,±0.9,"28,538","±2,575",7.8%,±0.7,"192,434","±7,275",7.4%,±0.3,"99,045","±4,264",7.7%,±0.3,"93,389","±5,079",7.1%,±0.4,"79,466","±4,856",7.0%,±0.4,"40,278","±3,379",7.1%,±0.6,"39,188","±2,519",6.9%,±0.4,"35,963","±3,000",8.2%,±0.7,"18,339","±1,985",8.4%,±0.9,"17,624","±1,838",8.1%,±0.8
        40 to 44 years,"127,244","±5,147",6.8%,±0.3,"63,700","±3,254",6.7%,±0.3,"63,544","±3,368",6.9%,±0.4,"73,763","±3,861",7.0%,±0.4,"36,090","±2,337",7.0%,±0.5,"37,673","±2,581",6.9%,±0.5,"89,311","±3,875",7.5%,±0.3,"42,787","±2,569",7.3%,±0.4,"46,524","±3,101",7.7%,±0.5,"47,364","±3,944",6.6%,±0.6,"22,950","±2,912",6.7%,±0.8,"24,414","±2,565",6.6%,±0.7,"166,179","±7,235",6.4%,±0.3,"82,514","±4,253",6.4%,±0.3,"83,665","±5,040",6.4%,±0.4,"86,722","±4,891",7.6%,±0.4,"43,034","±3,414",7.6%,±0.6,"43,688","±2,518",7.6%,±0.4,"36,851","±2,937",8.4%,±0.7,"17,630","±1,959",8.1%,±0.9,"19,221","±1,851",8.8%,±0.9
        45 to 49 years,"120,849",±231,6.4%,±0.1,"61,008",±170,6.4%,±0.1,"59,841",±174,6.5%,±0.1,"69,944",±158,6.6%,±0.1,"34,082",±132,6.6%,±0.1,"35,862",±49,6.6%,±0.1,"84,136",±507,7.1%,±0.1,"41,516",±326,7.1%,±0.1,"42,620",±320,7.0%,±0.1,"40,395","±1,233",5.7%,±0.2,"19,944",±500,5.8%,±0.1,"20,451","±1,136",5.6%,±0.3,"157,012",±254,6.0%,±0.1,"77,007",±138,6.0%,±0.1,"80,005",±203,6.1%,±0.1,"77,898",±163,6.8%,±0.1,"38,429",±97,6.7%,±0.1,"39,469",±123,6.9%,±0.1,"35,603",±92,8.2%,±0.1,"18,024",±31,8.2%,±0.1,"17,579",±87,8.1%,±0.1
        50 to 54 years,"124,862",±487,6.7%,±0.1,"63,367",±334,6.6%,±0.1,"61,495",±348,6.7%,±0.1,"72,235",±325,6.8%,±0.1,"34,820",±83,6.8%,±0.1,"37,415",±298,6.9%,±0.1,"82,501",±323,6.9%,±0.1,"41,335",±261,7.1%,±0.1,"41,166",±182,6.8%,±0.1,"37,814","±1,034",5.3%,±0.1,"18,915",±398,5.5%,±0.1,"18,899",±974,5.1%,±0.3,"156,195",±340,6.0%,±0.1,"76,890",*****,5.9%,±0.1,"79,305",±340,6.0%,±0.1,"78,263",±158,6.9%,±0.1,"39,057",±74,6.9%,±0.1,"39,206",±137,6.9%,±0.1,"33,563",±71,7.7%,±0.1,"17,560",±4,8.0%,±0.1,"16,003",±70,7.4%,±0.1
        55 to 59 years,"115,851","±4,577",6.2%,±0.2,"58,580","±3,068",6.1%,±0.3,"57,271","±2,952",6.2%,±0.3,"67,201","±3,409",6.3%,±0.3,"33,214","±2,223",6.4%,±0.4,"33,987","±2,113",6.3%,±0.4,"71,286","±3,682",6.0%,±0.3,"33,855","±2,351",5.8%,±0.4,"37,431","±2,368",6.2%,±0.4,"38,374","±2,893",5.4%,±0.4,"20,108","±1,860",5.8%,±0.5,"18,266","±1,993",5.0%,±0.5,"142,638","±5,041",5.5%,±0.2,"73,672","±3,634",5.7%,±0.3,"68,966","±3,691",5.3%,±0.3,"73,175","±3,226",6.4%,±0.3,"35,503","±2,066",6.2%,±0.4,"37,672","±2,091",6.6%,±0.4,"26,107","±1,830",6.0%,±0.4,"13,599","±1,196",6.2%,±0.6,"12,508","±1,334",5.7%,±0.6
        60 to 64 years,"112,244","±4,600",6.0%,±0.2,"57,674","±3,149",6.0%,±0.3,"54,570","±2,900",5.9%,±0.3,"70,002","±3,352",6.6%,±0.3,"32,733","±2,214",6.3%,±0.4,"37,269","±2,084",6.9%,±0.4,"66,530","±3,649",5.6%,±0.3,"33,438","±2,336",5.7%,±0.4,"33,092","±2,362",5.4%,±0.4,"36,294","±2,889",5.1%,±0.4,"15,587","±1,858",4.5%,±0.5,"20,707","±1,996",5.6%,±0.5,"143,199","±5,040",5.5%,±0.2,"68,520","±3,634",5.3%,±0.3,"74,679","±3,690",5.7%,±0.3,"68,208","±3,252",6.0%,±0.3,"34,988","±2,067",6.1%,±0.4,"33,220","±2,092",5.8%,±0.4,"23,938","±1,814",5.5%,±0.4,"12,127","±1,201",5.5%,±0.5,"11,811","±1,323",5.4%,±0.6
        65 to 69 years,"90,302","±3,314",4.8%,±0.2,"43,913","±2,082",4.6%,±0.2,"46,389","±2,360",5.0%,±0.3,"56,295","±2,614",5.3%,±0.2,"26,602","±1,669",5.2%,±0.3,"29,693","±1,832",5.5%,±0.3,"55,548","±2,634",4.7%,±0.2,"26,910","±1,565",4.6%,±0.3,"28,638","±1,964",4.7%,±0.3,"32,636","±2,233",4.6%,±0.3,"14,064","±1,500",4.1%,±0.4,"18,572","±1,467",5.0%,±0.4,"112,894","±3,634",4.3%,±0.1,"52,548","±2,524",4.1%,±0.2,"60,346","±2,571",4.6%,±0.2,"58,478","±2,683",5.1%,±0.2,"27,289","±1,838",4.8%,±0.3,"31,189","±1,633",5.5%,±0.3,"14,780","±1,427",3.4%,±0.3,"6,711",±911,3.1%,±0.4,"8,069","±1,004",3.7%,±0.5
        70 to 74 years,"70,216","±3,255",3.7%,±0.2,"33,080","±2,011",3.5%,±0.2,"37,136","±2,388",4.0%,±0.3,"48,648","±2,609",4.6%,±0.2,"22,322","±1,666",4.3%,±0.3,"26,326","±1,822",4.9%,±0.3,"40,325","±2,456",3.4%,±0.2,"16,549","±1,449",2.8%,±0.2,"23,776","±1,933",3.9%,±0.3,"26,660","±2,320",3.7%,±0.3,"12,602","±1,684",3.7%,±0.5,"14,058","±1,470",3.8%,±0.4,"84,159","±3,671",3.2%,±0.1,"39,271","±2,621",3.0%,±0.2,"44,888","±2,570",3.4%,±0.2,"43,760","±2,650",3.8%,±0.2,"21,923","±1,837",3.8%,±0.3,"21,837","±1,620",3.8%,±0.3,"13,466","±1,498",3.1%,±0.3,"6,883",±927,3.1%,±0.4,"6,583","±1,088",3.0%,±0.5
        75 to 79 years,"53,150","±2,960",2.8%,±0.2,"23,462","±1,724",2.5%,±0.2,"29,688","±2,116",3.2%,±0.2,"38,637","±2,948",3.7%,±0.3,"17,042","±1,547",3.3%,±0.3,"21,595","±2,206",4.0%,±0.4,"29,808","±2,018",2.5%,±0.2,"13,114","±1,353",2.2%,±0.2,"16,694","±1,510",2.7%,±0.2,"17,386","±1,576",2.4%,±0.2,"8,104",±996,2.4%,±0.3,"9,282","±1,188",2.5%,±0.3,"57,493","±3,262",2.2%,±0.1,"24,524","±1,853",1.9%,±0.1,"32,969","±2,554",2.5%,±0.2,"36,795","±1,957",3.2%,±0.2,"16,566","±1,265",2.9%,±0.2,"20,229","±1,654",3.5%,±0.3,"9,940","±1,155",2.3%,±0.3,"4,309",±650,2.0%,±0.3,"5,631",±870,2.6%,±0.4
        80 to 84 years,"39,118","±2,561",2.1%,±0.1,"16,594","±1,637",1.7%,±0.2,"22,524","±1,855",2.4%,±0.2,"21,096","±2,242",2.0%,±0.2,"9,569","±1,443",1.9%,±0.3,"11,527","±1,574",2.1%,±0.3,"18,435","±2,235",1.5%,±0.2,"8,456","±1,408",1.5%,±0.2,"9,979","±1,680",1.6%,±0.3,"9,242","±1,181",1.3%,±0.2,"3,541",±763,1.0%,±0.2,"5,701",±841,1.5%,±0.2,"33,548","±2,551",1.3%,±0.1,"13,578","±1,302",1.1%,±0.1,"19,970","±2,108",1.5%,±0.2,"22,960","±1,875",2.0%,±0.2,"10,741","±1,232",1.9%,±0.2,"12,219","±1,524",2.1%,±0.3,"6,888","±1,172",1.6%,±0.3,"3,270",±689,1.5%,±0.3,"3,618",±766,1.7%,±0.4
        85 years and over,"35,662","±2,937",1.9%,±0.2,"14,431","±1,593",1.5%,±0.2,"21,231","±2,004",2.3%,±0.2,"22,569","±2,400",2.1%,±0.2,"7,747","±1,381",1.5%,±0.3,"14,822","±1,751",2.7%,±0.3,"15,123","±1,836",1.3%,±0.2,"5,083","±1,010",0.9%,±0.2,"10,040","±1,454",1.7%,±0.2,"9,043","±1,500",1.3%,±0.2,"2,654",±694,0.8%,±0.2,"6,389","±1,259",1.7%,±0.3,"29,542","±2,609",1.1%,±0.1,"11,290","±1,582",0.9%,±0.1,"18,252","±1,900",1.4%,±0.1,"15,764","±1,821",1.4%,±0.2,"5,905",±990,1.0%,±0.2,"9,859","±1,438",1.7%,±0.3,"4,643",±919,1.1%,±0.2,"1,356",±478,0.6%,±0.2,"3,287",±677,1.5%,±0.3
    SELECTED AGE CATEGORIES,,,,,,,,,,,,,,,,,,,,,,,,,,,,,,,,,,,,,,,,,,,,,,,,,,,,,,,,,,,,,,,,,,,,,,,,,,,,,,,,,,,,
        5 to 14 years,"208,498",±502,11.1%,±0.1,"107,243",±540,11.2%,±0.1,"101,255",±353,11.0%,±0.1,"135,471",±238,12.8%,±0.1,"69,546",±141,13.5%,±0.1,"65,925",±275,12.1%,±0.1,"152,883",±242,12.8%,±0.1,"78,099",±298,13.4%,±0.1,"74,784",±207,12.3%,±0.1,"76,416",±248,10.7%,±0.1,"38,401",±125,11.2%,±0.1,"38,015",±130,10.3%,±0.1,"355,863",*****,13.7%,*****,"181,951",*****,14.1%,±0.1,"173,912",*****,13.2%,±0.1,"145,678",±134,12.8%,±0.1,"74,802",±92,13.1%,±0.1,"70,876",±75,12.4%,±0.1,"65,865",±129,15.1%,±0.1,"33,810",±103,15.5%,±0.1,"32,055",±55,14.7%,±0.1
        15 to 17 years,"71,908",±423,3.8%,±0.1,"37,278",±634,3.9%,±0.1,"34,630",±671,3.8%,±0.1,"44,011",±122,4.2%,±0.1,"22,778",±122,4.4%,±0.1,"21,233",±2,3.9%,±0.1,"50,256",±249,4.2%,±0.1,"25,640",±244,4.4%,±0.1,"24,616",±161,4.1%,±0.1,"23,145",±92,3.2%,±0.1,"11,892",±331,3.5%,±0.1,"11,253",±334,3.1%,±0.1,"114,722",*****,4.4%,*****,"58,698",±153,4.5%,±0.1,"56,024",±153,4.3%,±0.1,"47,365",±144,4.1%,±0.1,"24,672",±65,4.3%,±0.1,"22,693",±102,4.0%,±0.1,"21,853",±59,5.0%,±0.1,"11,441",±460,5.2%,±0.2,"10,412",±458,4.8%,±0.2
        Under 18 years,"374,378",*****,19.9%,*****,"193,394","±1,113",20.2%,±0.1,"180,984","±1,114",19.7%,±0.1,"238,848",±166,22.6%,±0.1,"123,029",±258,23.9%,±0.1,"115,819",±277,21.3%,±0.1,"270,699",±55,22.7%,±0.1,"138,065",±214,23.7%,±0.1,"132,634",±213,21.8%,±0.1,"145,228",±238,20.4%,±0.1,"73,406",±392,21.3%,±0.1,"71,822",±335,19.5%,±0.1,"645,638",*****,24.8%,*****,"329,713",±189,25.5%,±0.1,"315,925",±190,24.1%,±0.1,"257,820",±100,22.6%,±0.1,"132,529",±104,23.3%,±0.1,"125,291",±118,21.9%,±0.1,"114,071",±137,26.1%,±0.1,"58,815",±810,26.9%,±0.3,"55,256",±815,25.4%,±0.3
        18 to 24 years,"171,329","±1,010",9.1%,±0.1,"89,263",±442,9.3%,±0.1,"82,066",±964,8.9%,±0.1,"81,951",±387,7.7%,±0.1,"41,729",±172,8.1%,±0.1,"40,222",±252,7.4%,±0.1,"102,963",±293,8.7%,±0.1,"51,405",±139,8.8%,±0.1,"51,558",±241,8.5%,±0.1,"69,753",±278,9.8%,±0.1,"33,425",±238,9.7%,±0.1,"36,328",±114,9.9%,±0.1,"254,076",±370,9.7%,±0.1,"127,754",±171,9.9%,±0.1,"126,322",±364,9.6%,±0.1,"94,018",±171,8.2%,±0.1,"47,902",±73,8.4%,±0.1,"46,116",±153,8.1%,±0.1,"34,996",±548,8.0%,±0.1,"17,692",±66,8.1%,±0.1,"17,304",±540,8.0%,±0.2
        15 to 44 years,"812,868",±494,43.3%,±0.1,"428,887",±712,44.8%,±0.1,"383,981",±706,41.7%,±0.1,"397,010",±338,37.5%,±0.1,"197,358",±169,38.3%,±0.1,"199,652",±320,36.8%,±0.1,"506,140",±431,42.5%,±0.1,"250,234",±321,42.9%,±0.1,"255,906",±403,42.1%,±0.1,"342,407",±926,48.1%,±0.1,"167,324",±730,48.6%,±0.2,"175,083",±741,47.6%,±0.2,"1,158,762",±330,44.5%,±0.1,"584,480",±189,45.2%,±0.1,"574,282",±330,43.7%,±0.1,"456,122",±217,39.9%,±0.1,"231,625",±137,40.6%,±0.1,"224,497",±221,39.2%,±0.1,"175,201",±141,40.2%,±0.1,"87,517",±477,40.0%,±0.2,"87,684",±471,40.3%,±0.2
        16 years and over,"1,553,552","±2,415",82.7%,±0.1,"788,744","±1,698",82.4%,±0.2,"764,808","±1,661",83.1%,±0.2,"848,459","±1,585",80.2%,±0.1,"408,311","±1,003",79.2%,±0.2,"440,148","±1,376",81.1%,±0.3,"951,610","±2,446",79.9%,±0.2,"461,528","±1,816",79.2%,±0.3,"490,082","±1,498",80.7%,±0.3,"581,955","±1,676",81.7%,±0.2,"277,557","±1,396",80.6%,±0.4,"304,398","±1,028",82.7%,±0.3,"2,034,431","±3,244",78.1%,±0.1,"1,000,936","±2,597",77.4%,±0.2,"1,033,495","±2,217",78.7%,±0.2,"916,511","±1,690",80.3%,±0.1,"454,799","±1,357",79.8%,±0.2,"461,712","±1,231",80.7%,±0.2,"336,068","±1,331",77.0%,±0.3,"167,692","±1,117",76.7%,±0.6,"168,376",±827,77.4%,±0.4
        18 years and over,"1,503,214",*****,80.1%,*****,"763,718",±201,79.8%,±0.1,"739,496",±203,80.3%,±0.1,"819,626",±166,77.4%,±0.1,"392,711",±180,76.1%,±0.1,"426,915",±211,78.7%,±0.1,"919,576",±55,77.3%,±0.1,"444,850",±111,76.3%,±0.1,"474,726",±119,78.2%,±0.1,"567,106",±238,79.6%,±0.1,"270,951",±238,78.7%,±0.1,"296,155",*****,80.5%,±0.1,"1,960,720",*****,75.2%,*****,"963,082",*****,74.5%,±0.1,"997,638",*****,75.9%,±0.1,"884,058",±100,77.4%,±0.1,"437,354",±183,76.7%,±0.1,"446,704",±152,78.1%,±0.1,"322,276",±137,73.9%,±0.1,"159,915",±159,73.1%,±0.3,"162,361",±112,74.6%,±0.3
        21 years and over,"1,430,194","±2,830",76.2%,±0.2,"727,149","±2,001",76.0%,±0.2,"703,045","±2,227",76.4%,±0.3,"786,018","±2,285",74.3%,±0.2,"375,457","±1,261",72.8%,±0.2,"410,561","±1,818",75.6%,±0.3,"875,114","±2,576",73.5%,±0.2,"423,810","±1,678",72.7%,±0.3,"451,304","±1,861",74.3%,±0.3,"540,631","±1,835",75.9%,±0.3,"258,497",±980,75.1%,±0.3,"282,134","±1,763",76.7%,±0.5,"1,858,580","±3,238",71.3%,±0.1,"909,006","±2,637",70.3%,±0.2,"949,574","±2,220",72.3%,±0.2,"844,985","±1,842",74.0%,±0.2,"417,531","±1,174",73.3%,±0.2,"427,454","±1,392",74.7%,±0.2,"306,330","±1,673",70.2%,±0.4,"152,395",±928,69.7%,±0.5,"153,935","±1,378",70.7%,±0.7
        60 years and over,"400,692","±4,578",21.3%,±0.2,"189,154","±3,111",19.8%,±0.3,"211,538","±2,916",23.0%,±0.3,"257,247","±3,379",24.3%,±0.3,"116,015","±2,195",22.5%,±0.4,"141,232","±2,099",26.0%,±0.4,"225,769","±3,689",19.0%,±0.3,"103,550","±2,354",17.8%,±0.4,"122,219","±2,378",20.1%,±0.4,"131,261","±2,893",18.4%,±0.4,"56,552","±1,861",16.4%,±0.5,"74,709","±1,993",20.3%,±0.5,"460,835","±5,040",17.7%,±0.2,"209,731","±3,633",16.2%,±0.3,"251,104","±3,689",19.1%,±0.3,"245,965","±3,229",21.5%,±0.3,"117,412","±2,052",20.6%,±0.4,"128,553","±2,087",22.5%,±0.4,"73,655","±1,827",16.9%,±0.4,"34,656","±1,205",15.8%,±0.5,"38,999","±1,322",17.9%,±0.6
        62 years and over,"351,354","±3,300",18.7%,±0.2,"162,715","±2,297",17.0%,±0.2,"188,639","±2,555",20.5%,±0.3,"229,907","±3,323",21.7%,±0.3,"102,478","±2,232",19.9%,±0.4,"127,429","±2,337",23.5%,±0.4,"195,717","±2,939",16.4%,±0.2,"88,197","±1,975",15.1%,±0.3,"107,520","±1,908",17.7%,±0.3,"116,290","±2,555",16.3%,±0.4,"50,388","±1,748",14.6%,±0.5,"65,902","±1,743",17.9%,±0.5,"404,121","±5,256",15.5%,±0.2,"181,603","±3,679",14.0%,±0.3,"222,518","±3,522",16.9%,±0.3,"217,030","±2,840",19.0%,±0.2,"102,177","±1,683",17.9%,±0.3,"114,853","±2,143",20.1%,±0.4,"61,776","±1,574",14.2%,±0.4,"28,486","±1,160",13.0%,±0.5,"33,290","±1,115",15.3%,±0.5
        65 years and over,"288,448",±463,15.4%,±0.1,"131,480",±293,13.7%,±0.1,"156,968",±406,17.1%,±0.1,"187,245",±175,17.7%,±0.1,"83,282",±222,16.1%,±0.1,"103,963",±126,19.2%,±0.1,"159,239",±224,13.4%,±0.1,"70,112",±134,12.0%,±0.1,"89,127",±192,14.7%,±0.1,"94,967",±201,13.3%,±0.1,"40,965",±139,11.9%,±0.1,"54,002",±140,14.7%,±0.1,"317,636",*****,12.2%,*****,"141,211",*****,10.9%,±0.1,"176,425",*****,13.4%,±0.1,"177,757",±167,15.6%,±0.1,"82,424",±134,14.5%,±0.1,"95,333",±98,16.7%,±0.1,"49,717",±130,11.4%,±0.1,"22,529",±115,10.3%,±0.1,"27,188",±87,12.5%,±0.1
        75 years and over,"127,930",±532,6.8%,±0.1,"54,487",±475,5.7%,±0.1,"73,443",±256,8.0%,±0.1,"82,302",±239,7.8%,±0.1,"34,358",±243,6.7%,±0.1,"47,944",±78,8.8%,±0.1,"63,366",±543,5.3%,±0.1,"26,653",±548,4.6%,±0.1,"36,713",±134,6.0%,±0.1,"35,671",±773,5.0%,±0.1,"14,299",±584,4.2%,±0.2,"21,372",±425,5.8%,±0.1,"120,583",±280,4.6%,±0.1,"49,392",±281,3.8%,±0.1,"71,191",*****,5.4%,±0.1,"75,519",±135,6.6%,±0.1,"33,212",±127,5.8%,±0.1,"42,307",±40,7.4%,±0.1,"21,471",±599,4.9%,±0.1,"8,935",±247,4.1%,±0.1,"12,536",±517,5.8%,±0.2
    SUMMARY INDICATORS,,,,,,,,,,,,,,,,,,,,,,,,,,,,,,,,,,,,,,,,,,,,,,,,,,,,,,,,,,,,,,,,,,,,,,,,,,,,,,,,,,,,
        Median age (years),38.3,±0.2,(X),(X),37.2,±0.3,(X),(X),39.5,±0.3,(X),(X),40.6,±0.2,(X),(X),39.5,±0.3,(X),(X),41.8,±0.4,(X),(X),37.7,±0.3,(X),(X),36.8,±0.3,(X),(X),38.5,±0.3,(X),(X),34.8,±0.1,(X),(X),34.3,±0.2,(X),(X),35.2,±0.1,(X),(X),34.3,±0.1,(X),(X),33.6,±0.2,(X),(X),35.0,±0.1,(X),(X),39.5,±0.3,(X),(X),38.7,±0.3,(X),(X),40.4,±0.4,(X),(X),38.3,±0.4,(X),(X),37.9,±0.5,(X),(X),38.9,±0.6,(X),(X)
        Sex ratio (males per 100 females),104.0,±0.2,(X),(X),(X),(X),(X),(X),(X),(X),(X),(X),95.0,±0.1,(X),(X),(X),(X),(X),(X),(X),(X),(X),(X),96.0,±0.1,(X),(X),(X),(X),(X),(X),(X),(X),(X),(X),93.6,±0.2,(X),(X),(X),(X),(X),(X),(X),(X),(X),(X),98.4,±0.1,(X),(X),(X),(X),(X),(X),(X),(X),(X),(X),99.6,±0.1,(X),(X),(X),(X),(X),(X),(X),(X),(X),(X),100.5,±0.8,(X),(X),(X),(X),(X),(X),(X),(X),(X),(X)
        Age dependency ratio,54.6,±0.1,(X),(X),(X),(X),(X),(X),(X),(X),(X),(X),67.4,±0.1,(X),(X),(X),(X),(X),(X),(X),(X),(X),(X),56.5,±0.1,(X),(X),(X),(X),(X),(X),(X),(X),(X),(X),50.9,±0.1,(X),(X),(X),(X),(X),(X),(X),(X),(X),(X),58.6,*****,(X),(X),(X),(X),(X),(X),(X),(X),(X),(X),61.7,±0.1,(X),(X),(X),(X),(X),(X),(X),(X),(X),(X),60.1,±0.1,(X),(X),(X),(X),(X),(X),(X),(X),(X),(X)
        Old-age dependency ratio,23.7,±0.1,(X),(X),(X),(X),(X),(X),(X),(X),(X),(X),29.6,±0.1,(X),(X),(X),(X),(X),(X),(X),(X),(X),(X),20.9,±0.1,(X),(X),(X),(X),(X),(X),(X),(X),(X),(X),20.1,±0.1,(X),(X),(X),(X),(X),(X),(X),(X),(X),(X),19.3,*****,(X),(X),(X),(X),(X),(X),(X),(X),(X),(X),25.2,±0.1,(X),(X),(X),(X),(X),(X),(X),(X),(X),(X),18.2,±0.1,(X),(X),(X),(X),(X),(X),(X),(X),(X),(X)
        Child dependency ratio,30.8,±0.1,(X),(X),(X),(X),(X),(X),(X),(X),(X),(X),37.8,±0.1,(X),(X),(X),(X),(X),(X),(X),(X),(X),(X),35.6,±0.1,(X),(X),(X),(X),(X),(X),(X),(X),(X),(X),30.8,±0.1,(X),(X),(X),(X),(X),(X),(X),(X),(X),(X),39.3,*****,(X),(X),(X),(X),(X),(X),(X),(X),(X),(X),36.5,±0.1,(X),(X),(X),(X),(X),(X),(X),(X),(X),(X),41.9,±0.1,(X),(X),(X),(X),(X),(X),(X),(X),(X),(X)
    PERCENT ALLOCATED,,,,,,,,,,,,,,,,,,,,,,,,,,,,,,,,,,,,,,,,,,,,,,,,,,,,,,,,,,,,,,,,,,,,,,,,,,,,,,,,,,,,
        Sex,(X),(X),0.0%,(X),(X),(X),(X),(X),(X),(X),(X),(X),(X),(X),0.0%,(X),(X),(X),(X),(X),(X),(X),(X),(X),(X),(X),0.0%,(X),(X),(X),(X),(X),(X),(X),(X),(X),(X),(X),0.0%,(X),(X),(X),(X),(X),(X),(X),(X),(X),(X),(X),0.0%,(X),(X),(X),(X),(X),(X),(X),(X),(X),(X),(X),0.0%,(X),(X),(X),(X),(X),(X),(X),(X),(X),(X),(X),0.0%,(X),(X),(X),(X),(X),(X),(X),(X),(X)
        Age,(X),(X),1.5%,(X),(X),(X),(X),(X),(X),(X),(X),(X),(X),(X),1.4%,(X),(X),(X),(X),(X),(X),(X),(X),(X),(X),(X),1.4%,(X),(X),(X),(X),(X),(X),(X),(X),(X),(X),(X),2.4%,(X),(X),(X),(X),(X),(X),(X),(X),(X),(X),(X),0.9%,(X),(X),(X),(X),(X),(X),(X),(X),(X),(X),(X),1.3%,(X),(X),(X),(X),(X),(X),(X),(X),(X),(X),(X),1.7%,(X),(X),(X),(X),(X),(X),(X),(X),(X)
